Name,Price,Year,Mileage,Additional Details,Location,Link,Label
TOYOTA COROLLA VERSO MANUAL DIESEL 7 SEATER 2009,"£1,650",2009," 115,000 miles","Seller type: Trade, Fuel type: Diesel, Engine size: 2,213 cc","Neasden, London",https://www.gumtree.com/p/toyota/toyota-corolla-verso-manual-diesel-7-seater-2009/1429761704,BCLV
2016 Hyundai i800 2.5 CRDi SE Auto Euro 6 5dr +8 Seater +ULEZ +Euro6 +Bluetooth,"£12,980",2016," 128,100 miles","Seller type: Trade, Fuel type: Diesel, Engine size: 2,497 cc","Edmonton, London",https://www.gumtree.com/p/hyundai/2016-hyundai-i800-2.5-crdi-se-auto-euro-6-5dr-8-seater-ulez-euro6-bluetooth/1428474483,BCLV
Fiat 500 1.2 Lounge Dualogic (s/s) 3dr Petrol,"£8,795",2013," 24,768 miles","Seller type: Trade, Fuel type: Petrol, Engine size: 1,242 cc","Mitcham, London",https://www.gumtree.com/p/fiat/fiat-500-1.2-lounge-dualogic-s-s-3dr-petrol/1422269891,GCHV
BMW 120,"£2,750",2012," 160,000 miles","Fuel type: Diesel, Engine size: 1,995 cc","Chingford, London",https://www.gumtree.com/p/bmw/bmw-120/1430712934,BCLV
Pco Toyota Prius plus,"£20,500",2017," 95,000 miles",Fuel type: Hybrid Electric,"Heathrow, London",https://www.gumtree.com/p/toyota/pco-toyota-prius-plus-/1428551665,BCHV
53 REG LAND ROVER DISCOVERY 2.5 TD5 AUTOMATIC 7 SEATER,"£4,995",2003," 128,000 miles","Seller type: Trade, Fuel type: Diesel, Engine size: 2,495 cc","Romford, London",https://www.gumtree.com/p/land-rover/53-reg-land-rover-discovery-2.5-td5-automatic-7-seater/1431286609,GCLV
2015 Ford Fiesta 1.25 82 Zetec 3dr HATCHBACK Petrol Manual,"£7,145",2015," 51,350 miles","Seller type: Trade, Fuel type: Petrol, Engine size: 1,241 cc","Palmers Green, London",https://www.gumtree.com/p/ford/2015-ford-fiesta-1.25-82-zetec-3dr-hatchback-petrol-manual/1431286608,GCLV
2012 AUTOMATIC AUDI A4 2.0 BLACK EDITION AVANT,"£10,950",2012," 92,000 miles","Fuel type: Petrol, Engine size: 1,984 cc","Islington, London",https://www.gumtree.com/p/audi/2012-automatic-audi-a4-2.0-black-edition-avant/1431286493,BCHV
Dacia Sandero DACIA SANDERO 1.0 SCe Essential 5dr Petrol,"£7,400",2019," 50,940 miles","Seller type: Trade, Fuel type: Petrol, Engine size: 998 cc","Enfield, London",https://www.gumtree.com/p/dacia/dacia-sandero-dacia-sandero-1.0-sce-essential-5dr-petrol/1428268854,GCLV
BMW 5 Series 3.0 530d M Sport Auto (s/s) 4dr Diesel,"£27,489",2018," 37,000 miles","Seller type: Trade, Fuel type: Diesel, Engine size: 2,993 cc","Norbury, London",https://www.gumtree.com/p/bmw/bmw-5-series-3.0-530d-m-sport-auto-s-s-4dr-diesel/1423477273,GCHV
Honda JAZZ/FIT 1.3 Hybrid 5 Seats ULEZ Free Hatchback Petrol/Electric Hybrid A,"£7,695",2011," 40,300 miles","Seller type: Trade, Fuel type: Petrol, Engine size: 1,300 cc","Hornchurch, London",https://www.gumtree.com/p/honda/honda-jazz-fit-1.3-hybrid-5-seats-ulez-free-hatchback-petrol-electric-hybrid-a/1429912429,GCHV
BMW 520D 2.0 xDrive M Sport Diesel,"£25,299",2018," 22,600 miles","Seller type: Trade, Fuel type: Diesel, Engine size: 1,995 cc","West London, London",https://www.gumtree.com/p/bmw/bmw-520d-2.0-xdrive-m-sport-diesel/1425521656,GCLV
2009 Toyota Prius 1.8 VVT-h T Spirit CVT 5dr +Rear Cam +Nav. +USB +Bluetooth +UL,"£8,480",2009," 70,000 miles","Seller type: Trade, Fuel type: Petrol, Engine size: 1,798 cc","Edmonton, London",https://www.gumtree.com/p/toyota/2009-toyota-prius-1.8-vvt-h-t-spirit-cvt-5dr-rear-cam-nav.-usb-bluetooth-ul/1428788477,GCHV
Renault Kadjar RENAULT KADJAR 1.2 TCE Dynamique Nav 5dr Petrol,"£12,200",2016," 31,553 miles","Seller type: Trade, Fuel type: Petrol, Engine size: 1,197 cc","Orpington, London",https://www.gumtree.com/p/renault/renault-kadjar-renault-kadjar-1.2-tce-dynamique-nav-5dr-petrol/1428643811,GCLV
Mazda CX-3 2.0 Sport Nav + AWD Petrol,"£15,799",2018," 8,164 miles","Seller type: Trade, Fuel type: Petrol, Engine size: 1,998 cc","West London, London",https://www.gumtree.com/p/mazda/mazda-cx-3-2.0-sport-nav-awd-petrol/1426614987,GCLV
2019 Vauxhall CROSSLAND X 1.2 Turbo ecoTEC GPF SE SUV 5dr Petrol Manual Euro 6 (,"£12,800",2019," 28,481 miles","Seller type: Trade, Fuel type: Petrol, Engine size: 1,199 cc","Croydon, London",https://www.gumtree.com/p/vauxhall/2019-vauxhall-crossland-x-1.2-turbo-ecotec-gpf-se-suv-5dr-petrol-manual-euro-6-/1429442686,BCLV
"2009 FORD FOCUS 1.8 TDCi Zetec 5dr *Full Service History, Two Ex-Owners*","£1,899",2009," 155,000 miles","Seller type: Trade, Fuel type: Diesel, Engine size: 1,753 cc","Heathrow, London",https://www.gumtree.com/p/ford/2009-ford-focus-1.8-tdci-zetec-5dr-full-service-history-two-ex-owners-/1424640916,BCLV
Renault Koleos 2.0 dCi Signature Nav Xtronic 4WD Diesel,"£19,499",2017," 25,323 miles","Seller type: Trade, Fuel type: Diesel, Engine size: 1,995 cc","West London, London",https://www.gumtree.com/p/renault/renault-koleos-2.0-dci-signature-nav-xtronic-4wd-diesel/1426615522,GCHV
2018 Kia Sportage 1.6T GDi ISG 4 5dr CrossOver Petrol Manual,"£21,599",2018," 12,718 miles","Seller type: Trade, Fuel type: Petrol, Engine size: 1,591 cc","East London, London",https://www.gumtree.com/p/kia/2018-kia-sportage-1.6t-gdi-isg-4-5dr-crossover-petrol-manual/1425743136,GCLV
2019 Nissan Micra 0.9 IG-T Acenta Limited Edition 5dr Manual Hatchback Petrol Ma,"£13,475",2019," 12,470 miles","Seller type: Trade, Fuel type: Petrol, Engine size: 898 cc","Bromley, London",https://www.gumtree.com/p/nissan/2019-nissan-micra-0.9-ig-t-acenta-limited-edition-5dr-manual-hatchback-petrol-ma/1430372479,GCHV
2019 Ford Ecosport 1.0 EcoBoost 125 Titanium 5dr Manual Hatchback Petrol Manual,"£15,000",2019," 15,795 miles","Seller type: Trade, Fuel type: Petrol, Engine size: 998 cc","Barking, London",https://www.gumtree.com/p/ford/2019-ford-ecosport-1.0-ecoboost-125-titanium-5dr-manual-hatchback-petrol-manual/1430905187,GCLV
2019 Ford Focus 1.0 EcoBoost 125 Titanium 5dr Auto Automatic Estate Petrol Autom,"£17,800",2019," 13,522 miles","Seller type: Trade, Fuel type: Petrol, Engine size: 999 cc","Barking, London",https://www.gumtree.com/p/ford/2019-ford-focus-1.0-ecoboost-125-titanium-5dr-auto-automatic-estate-petrol-autom/1430904997,GCLV
2010 Mercedes-Benz C Class 1.8 C180 BlueEfficiency SE 7G-Tronic 4dr +Auto +Petro,"£5,980",2010," 78,400 miles","Seller type: Trade, Fuel type: Petrol, Engine size: 1,796 cc","Edmonton, London",https://www.gumtree.com/p/mercedes-benz/2010-mercedes-benz-c-class-1.8-c180-blueefficiency-se-7g-tronic-4dr-auto-petro/1423708747,GCHV
Vauxhall Insignia 1.5 T Design Nav Petrol,"£12,499",2018," 33,910 miles","Seller type: Trade, Fuel type: Petrol, Engine size: 1,490 cc","West London, London",https://www.gumtree.com/p/vauxhall/vauxhall-insignia-1.5-t-design-nav-petrol/1430143744,BCHV
2014 Nissan Juke 1.6 Tekna 5dr Xtronic HATCHBACK Petrol Automatic,"£9,990",2014," 30,000 miles","Seller type: Trade, Fuel type: Petrol, Engine size: 1,598 cc","Edgware, London",https://www.gumtree.com/p/nissan/2014-nissan-juke-1.6-tekna-5dr-xtronic-hatchback-petrol-automatic/1428644260,GCLV
Audi RS6 Avant 4.0 TFSI V8 Vorsprung Tiptronic quattro (s/s) 5dr Petrol,"£128,990",2021," 1,470 miles","Seller type: Trade, Fuel type: Petrol, Engine size: 3,996 cc","City of London, London",https://www.gumtree.com/p/audi/audi-rs6-avant-4.0-tfsi-v8-vorsprung-tiptronic-quattro-s-s-5dr-petrol/1427030784,GCLV
Honda Civic 1.8 i-VTEC EX 5dr Petrol,"£9,695",2012," 57,000 miles","Seller type: Trade, Fuel type: Petrol, Engine size: 1,798 cc","Tooting, London",https://www.gumtree.com/p/honda/honda-civic-1.8-i-vtec-ex-5dr-petrol/1431060884,GCHV
Renault Captur RENAULT CAPTUR 0.9 TCE 90 Dynamique S Nav 5dr Petrol,"£11,500",2018," 37,113 miles","Seller type: Trade, Fuel type: Petrol, Engine size: 898 cc","Romford, London",https://www.gumtree.com/p/renault/renault-captur-renault-captur-0.9-tce-90-dynamique-s-nav-5dr-petrol/1428268241,BCLV
2020 Honda HONDA E 35.5kWh Advance Hatchback 5dr Electric Auto (17in Alloy) (154,"£29,950",2020," 4,684 miles","Seller type: Trade, Fuel type: Electric, Engine size: 1 cc","Chiswick, London",https://www.gumtree.com/p/honda/2020-honda-honda-e-35.5kwh-advance-hatchback-5dr-electric-auto-17in-alloy-154/1426615608,GCLV
Audi A6 2.0 TDi 190 Ultra S-Line Avant S-Tronic Diesel,"£19,299",2016," 33,787 miles","Seller type: Trade, Fuel type: Diesel, Engine size: 1,968 cc","West London, London",https://www.gumtree.com/p/audi/audi-a6-2.0-tdi-190-ultra-s-line-avant-s-tronic-diesel/1427031117,GCLV
2019 Fiat Tipo 1.6 MultiJetII Lounge Euro 6 (s/s) 5dr +Rear Cam +Nav. +ULEZ +Hea,"£9,980",2019," 48,200 miles","Seller type: Trade, Fuel type: Diesel, Engine size: 1,598 cc","Edmonton, London",https://www.gumtree.com/p/fiat/2019-fiat-tipo-1.6-multijetii-lounge-euro-6-s-s-5dr-rear-cam-nav.-ulez-hea/1428175281,BCLV
"Ford, ECOSPORT, Hatchback, 2019, Semi-Auto, 999 (cc), 5 doors","£17,000",2019," 17,000 miles","Fuel type: Petrol, Engine size: 999 cc","Barnet, London",https://www.gumtree.com/p/ford/ford-ecosport-hatchback-2019-semi-auto-999-cc-5-doors/1430827500,GCHV
2011 Mercedes-Benz C Class C180 CGI BlueEFFICIENCY Executive SE 5dr Auto Estate,"£10,590",2011," 51,000 miles","Seller type: Trade, Fuel type: Petrol, Engine size: 1,796 cc","Surbiton, London",https://www.gumtree.com/p/mercedes-benz/2011-mercedes-benz-c-class-c180-cgi-blueefficiency-executive-se-5dr-auto-estate-/1430501437,GCHV
ALPHA ROMEO MITO 1.4 Manual Petrol £1450,"£1,450",2009," 137,600 miles","Fuel type: Petrol, Engine size: 1,368 cc","Edmonton, London",https://www.gumtree.com/p/alfa-romeo/alpha-romeo-mito-1.4-manual-petrol-£1450/1431211590,BCLV
BMW 5 SERIES 520 D AUTOMATIC,"£7,000",2013," 129,800 miles","Fuel type: Diesel, Engine size: 2 cc","Uxbridge, London",https://www.gumtree.com/p/bmw/bmw-5-series-520-d-automatic-/1429337250,BCHV
2016 Kia Sportage 1.6 2 ISG Estate PETROL Manual,"£14,995",2016," 29,594 miles","Seller type: Trade, Fuel type: Petrol, Engine size: 1,591 cc","Sidcup, London",https://www.gumtree.com/p/kia/2016-kia-sportage-1.6-2-isg-estate-petrol-manual/1430596416,GCHV
2004 VOLKSWAGEN POLO 1.2 E 55 3dr ONLY 32K Miles BRAND NEW CLUTCH,"£3,499",2004," 32,000 miles","Seller type: Trade, Fuel type: Petrol, Engine size: 1,198 cc","Heathrow, London",https://www.gumtree.com/p/volkswagen/2004-volkswagen-polo-1.2-e-55-3dr-only-32k-miles-brand-new-clutch/1429912619,GCLV
Audi A1 1.4 TFSI Sport Sportback 5dr Petrol,"£9,750",2013," 37,000 miles","Seller type: Trade, Fuel type: Petrol, Engine size: 1,390 cc","Rainham, London",https://www.gumtree.com/p/audi/audi-a1-1.4-tfsi-sport-sportback-5dr-petrol/1425602077,GCHV
2008 BMW 3 SERIES 320i SE 2dr ONE-PREVIOUS OWNER *Recently Fully Serviced*,"£5,699",2008," 51,000 miles","Seller type: Trade, Fuel type: Petrol, Engine size: 1,995 cc","Heathrow, London",https://www.gumtree.com/p/bmw/2008-bmw-3-series-320i-se-2dr-one-previous-owner-recently-fully-serviced-/1429442841,GCHV
2010/10 REG FIAT GRANDE PUNTO 1.4 ACTIVE ** 1F KEEPER + ULEZ EXEMPT **,"£1,795",2010," 85,000 miles","Seller type: Trade, Fuel type: Petrol, Engine size: 1,368 cc","Tooting, London",https://www.gumtree.com/p/fiat/2010-10-reg-fiat-grande-punto-1.4-active-1f-keeper-ulez-exempt-/1429442796,GCLV
VW Tiguan,"£4,550",2009," 14,000 miles","Fuel type: Diesel, Engine size: 1,968 cc","Colindale, London",https://www.gumtree.com/p/volkswagen/vw-tiguan/1431286315,GCLV
2012 AUTOMATIC VAUXHALL ANTARA 2.2 SE GREAT SPEC,"£4,950",2012," 99,000 miles","Fuel type: Diesel, Engine size: 2,231 cc","Islington, London",https://www.gumtree.com/p/vauxhall/2012-automatic-vauxhall-antara-2.2-se-great-spec-/1431286239,BCHV
Ford Focus 1.8 petrol 2011,"£2,350",2011," 105,000 miles","Fuel type: Petrol, Engine size: 1,798 cc","Enfield, London",https://www.gumtree.com/p/ford/ford-focus-1.8-petrol-2011/1431286173,BCLV
2010 AUDI S3 2.0 DSG QUATTRO 5 DOOR,"£8,250",2010," 96,000 miles","Fuel type: Petrol, Engine size: 1,984 cc","Islington, London",https://www.gumtree.com/p/audi/2010-audi-s3-2.0-dsg-quattro-5-door-/1431285971,BCLV
"Ford, FIESTA, Hatchback, 2009, Manual, 1388 (cc), 5 doors","£1,650",2009," 110,657 miles","Fuel type: Petrol, Engine size: 1,388 cc","Wanstead, London",https://www.gumtree.com/p/ford/ford-fiesta-hatchback-2009-manual-1388-cc-5-doors/1431285968,BCLV
2021 Suzuki Vitara 1.4 SZ-T BOOSTERJET Estate HYBRID ELECTRIC Manual,"£19,895",2021," 1,781 miles","Seller type: Trade, Fuel type: Hybrid Electric, Engine size: 1,373 cc","Bromley, London",https://www.gumtree.com/p/suzuki/2021-suzuki-vitara-1.4-sz-t-boosterjet-estate-hybrid-electric-manual/1431285878,GCLV
Audi TT 225,"£1,300",2001," 201,000 miles",Fuel type: Petrol/Gas,"South Croydon, London",https://www.gumtree.com/p/audi/audi-tt-225/1431285756,BCLV
2013 AUTOMATIC E220D AMG SPORT COUPE,"£11,500",2013," 80,000 miles","Fuel type: Diesel, Engine size: 2,143 cc","Islington, London",https://www.gumtree.com/p/mercedes-benz/2013-automatic-e220d-amg-sport-coupe-/1431285737,BCLV
Land Rover Defender 110 5.0 P525 V8 Auto 4WD (s/s) 5dr Petrol,"£138,990",2021," 3,000 miles","Seller type: Trade, Fuel type: Petrol, Engine size: 5,000 cc","City of London, London",https://www.gumtree.com/p/land-rover/land-rover-defender-110-5.0-p525-v8-auto-4wd-s-s-5dr-petrol/1427029550,GCLV
2017 Ford Ecosport 1.5 TDCi 95 Zetec 5dr Manual Hatchback Diesel Manual,"£8,300",2017," 80,045 miles","Seller type: Trade, Fuel type: Diesel, Engine size: 1,499 cc","Barking, London",https://www.gumtree.com/p/ford/2017-ford-ecosport-1.5-tdci-95-zetec-5dr-manual-hatchback-diesel-manual/1430904004,BCLV
"2018 18 REG FORD FIESTA 1.0 ST LINE TURBO, 1 OWNER, HPI CLEAR, SERVICE HISTORY","£10,995",2018," 35,000 miles","Seller type: Trade, Fuel type: Petrol, Engine size: 998 cc","Redbridge, London",https://www.gumtree.com/p/ford/2018-18-reg-ford-fiesta-1.0-st-line-turbo-1-owner-hpi-clear-service-history/1430371842,BCLV
2018 Nissan Qashqai 1.2 DiG-T N-Connecta [Glass Roof Pack] 5dr Manual Hatchback,"£17,475",2018," 24,967 miles","Seller type: Trade, Fuel type: Petrol, Engine size: 1,332 cc","Heathrow, London",https://www.gumtree.com/p/nissan/2018-nissan-qashqai-1.2-dig-t-n-connecta-glass-roof-pack-5dr-manual-hatchback-/1429911744,GCHV
2019 Nissan Micra 0.9 IG-T N-Connecta 5dr Manual Hatchback Petrol Manual,"£13,275",2019," 2,969 miles","Seller type: Trade, Fuel type: Petrol, Engine size: 898 cc","South East London, London",https://www.gumtree.com/p/nissan/2019-nissan-micra-0.9-ig-t-n-connecta-5dr-manual-hatchback-petrol-manual/1427240535,GCLV
Hyundai i20 1.2 Active 3dr Petrol,"£3,495",2012," 80,000 miles","Seller type: Trade, Fuel type: Petrol, Engine size: 1,248 cc","Heathrow, London",https://www.gumtree.com/p/hyundai/hyundai-i20-1.2-active-3dr-petrol/1424420674,GCLV
2020 Ford Puma 1.0 EcoBoost Hybrid mHEV 155 ST-Line X 1st Ed-Plus 5dr Hatchback,"£24,599",2020," 16,768 miles","Seller type: Trade, Fuel type: Hybrid Electric, Engine size: 999 cc","East London, London",https://www.gumtree.com/p/ford/2020-ford-puma-1.0-ecoboost-hybrid-mhev-155-st-line-x-1st-ed-plus-5dr-hatchback-/1427902599,BCLV
Land Rover Range Rover Velar 2.0 D240 R-Dynamic SE Auto 4WD (s/s) 5dr Diesel,"£43,990",2018," 31,000 miles","Seller type: Trade, Fuel type: Diesel, Engine size: 1,999 cc","City of London, London",https://www.gumtree.com/p/land-rover/land-rover-range-rover-velar-2.0-d240-r-dynamic-se-auto-4wd-s-s-5dr-diesel/1425740003,BCHV
Lexus CT 200h 1.8 Sport,"£14,000",2017," 81,633 miles","Seller type: Trade, Fuel type: Petrol, Engine size: 1,798 cc","West London, London",https://www.gumtree.com/p/lexus/lexus-ct-200h-1.8-sport/1430143657,BCHV
Volkswagen Polo 1.0 TSI R-Line DSG Euro 6 (s/s) 5dr Petrol,"£16,240",2019," 50,000 miles","Seller type: Trade, Fuel type: Petrol, Engine size: 999 cc","Uxbridge, London",https://www.gumtree.com/p/volkswagen/volkswagen-polo-1.0-tsi-r-line-dsg-euro-6-s-s-5dr-petrol/1429442181,BCLV
2014 Toyota AYGO 1.0 VVT-i Move with Style 5dr MMT HATCHBACK Petrol Automatic,"£7,490",2014," 29,000 miles","Seller type: Trade, Fuel type: Petrol, Engine size: 998 cc","Edgware, London",https://www.gumtree.com/p/toyota/2014-toyota-aygo-1.0-vvt-i-move-with-style-5dr-mmt-hatchback-petrol-automatic/1429759501,GCLV
"Great Mini. 2 keys, one year mot.","£3,500",2010," 55,013 miles","Fuel type: Petrol, Engine size: 1,598 cc","Greenwich, London",https://www.gumtree.com/p/mini/great-mini.-2-keys-one-year-mot./1431221170,GCLV
GLA220,"£17,900",2015," 37,000 miles","Seller type: Trade, Fuel type: Diesel, Engine size: 2,143 cc",London,https://www.gumtree.com/p/mercedes-benz/gla220/1429022892,GCLV
2009 Volvo C30 1.6 R DESIGN Sport 3dr HATCHBACK Petrol Manual,"£5,500",2009," 59,000 miles","Seller type: Trade, Fuel type: Petrol, Engine size: 1,596 cc","Hornchurch, London",https://www.gumtree.com/p/volvo/2009-volvo-c30-1.6-r-design-sport-3dr-hatchback-petrol-manual/1430542549,GCHV
2007 Citroen Xsara Picasso 1.6i 16V Desire 5dr MPV Petrol Manual,"£1,695",2007," 71,000 miles","Seller type: Trade, Fuel type: Petrol, Engine size: 1,587 cc","Leytonstone, London",https://www.gumtree.com/p/citroen/2007-citroen-xsara-picasso-1.6i-16v-desire-5dr-mpv-petrol-manual/1422634301,GCLV
SKODA FABIA 1.6 TDI ELEGANCE ESTATE NEW MOT VGC,"£1,995",2012," 120,000 miles","Seller type: Trade, Fuel type: Diesel, Engine size: 1,598 cc","Hornchurch, London",https://www.gumtree.com/p/skoda/skoda-fabia-1.6-tdi-elegance-estate-new-mot-vgc/1431223714,BCLV
Volkswagen Passat 2.0 TDi 190 Alltrack 4Motion DSG Diesel,"£14,799",2016," 73,599 miles","Seller type: Trade, Fuel type: Diesel, Engine size: 1,968 cc","West London, London",https://www.gumtree.com/p/volkswagen/volkswagen-passat-2.0-tdi-190-alltrack-4motion-dsg-diesel/1430143568,BCHV
2018 Ford Grand C-Max 1.0 EcoBoost 125ps Titanium 5dr ONE OWNER + FULL SERVICE H,"£17,500",2018," 11,575 miles","Seller type: Trade, Fuel type: Petrol, Engine size: 999 cc","Eltham, London",https://www.gumtree.com/p/ford/2018-ford-grand-c-max-1.0-ecoboost-125ps-titanium-5dr-one-owner-full-service-h/1428643257,GCLV
Audi RS6 Avant 4.0 TFSI V8 Carbon Black Tiptronic quattro (s/s) 5dr Petrol,"£97,990",2020," 16,000 miles","Seller type: Trade, Fuel type: Petrol, Engine size: 3,996 cc","City of London, London",https://www.gumtree.com/p/audi/audi-rs6-avant-4.0-tfsi-v8-carbon-black-tiptronic-quattro-s-s-5dr-petrol/1426394618,BCLV
2018 Ford Grand C-Max C-Max Grand 5Dr Titanium 1.0 100PS Estate Petrol Manual,"£17,499",2018," 13,588 miles","Seller type: Trade, Fuel type: Petrol, Engine size: 1,000 cc","Enfield, London",https://www.gumtree.com/p/ford/2018-ford-grand-c-max-c-max-grand-5dr-titanium-1.0-100ps-estate-petrol-manual/1428336475,GCLV
LEXUS CT 200h 1.8 Advance 5dr CVT Auto,"£14,995",2014," 36,000 miles","Seller type: Trade, Fuel type: Petrol, Engine size: 1,798 cc","Feltham, London",https://www.gumtree.com/p/lexus/lexus-ct-200h-1.8-advance-5dr-cvt-auto/1429759003,GCHV
2020 Volkswagen Polo 1.0 EVO 80 Match 5dr Hatchback Petrol Manual,"£15,999",2020," 8,842 miles","Seller type: Trade, Fuel type: Petrol, Engine size: 999 cc","East London, London",https://www.gumtree.com/p/volkswagen/2020-volkswagen-polo-1.0-evo-80-match-5dr-hatchback-petrol-manual/1426177361,GCLV
Volkswagen Touareg 3.0 TDi 262 R Line Plus Diesel,"£24,799",2017," 52,862 miles","Seller type: Trade, Fuel type: Diesel, Engine size: 2,967 cc","West London, London",https://www.gumtree.com/p/volkswagen/volkswagen-touareg-3.0-tdi-262-r-line-plus-diesel/1426177891,BCLV
2022 Kia Proceed 1.5 GT-LINE ISG Estate PETROL Manual,"£22,995",2022, 10 miles,"Seller type: Trade, Fuel type: Petrol, Engine size: 1,482 cc","Sidcup, London",https://www.gumtree.com/p/kia/2022-kia-proceed-1.5-gt-line-isg-estate-petrol-manual/1426257874,GCLV
2009 Ford Fiesta 1.4 Zetec 5dr Auto HATCHBACK Petrol Automatic,"£6,495",2009," 48,000 miles","Seller type: Trade, Fuel type: Petrol, Engine size: 1,388 cc","Rainham, London",https://www.gumtree.com/p/ford/2009-ford-fiesta-1.4-zetec-5dr-auto-hatchback-petrol-automatic/1425741485,GCHV
2019 Peugeot 208 1.2 S/S TECH EDITION Hatchback PETROL Manual,"£12,795",2019," 8,187 miles","Seller type: Trade, Fuel type: Petrol, Engine size: 1,199 cc","Sidcup, London",https://www.gumtree.com/p/peugeot/2019-peugeot-208-1.2-s-s-tech-edition-hatchback-petrol-manual/1429148182,GCLV
Renault Captur RENAULT CAPTUR 0.9 TCE 90 Play 5dr Petrol,"£11,200",2019," 37,699 miles","Seller type: Trade, Fuel type: Petrol, Engine size: 898 cc","Orpington, London",https://www.gumtree.com/p/renault/renault-captur-renault-captur-0.9-tce-90-play-5dr-petrol/1428642492,BCLV
Honda Civic HONDA CIVIC 1.8 i-VTEC SR 5dr Petrol,"£12,500",2016," 39,754 miles","Seller type: Trade, Fuel type: Petrol, Engine size: 1,798 cc","Orpington, London",https://www.gumtree.com/p/honda/honda-civic-honda-civic-1.8-i-vtec-sr-5dr-petrol/1425752146,GCLV
Renault Captur RENAULT CAPTUR 0.9 TCE 90 Iconic 5dr Petrol,"£13,000",2018," 3,887 miles","Seller type: Trade, Fuel type: Petrol, Engine size: 898 cc","Enfield, London",https://www.gumtree.com/p/renault/renault-captur-renault-captur-0.9-tce-90-iconic-5dr-petrol/1428267864,GCLV
Hyundai ix35 1.7 CRDi Premium 2WD 5dr Diesel,"£5,490",2013," 112,800 miles","Seller type: Trade, Fuel type: Diesel, Engine size: 1,685 cc","Surbiton, London",https://www.gumtree.com/p/hyundai/hyundai-ix35-1.7-crdi-premium-2wd-5dr-diesel/1425017380,BCHV
2013 AUTOMATIC MERCEDES C220D AMG SPORT MAP PILOT,"£10,950",2013," 58,000 miles","Fuel type: Diesel, Engine size: 2,143 cc","Islington, London",https://www.gumtree.com/p/mercedes-benz/2013-automatic-mercedes-c220d-amg-sport-map-pilot-/1431285535,BCLV
Chevrolet captiva 2.0 LTZ VCDI,"£2,500",2010," 159,800 miles","Fuel type: Diesel, Engine size: 1,991 cc","Croydon, London",https://www.gumtree.com/p/chevrolet/chevrolet-captiva-2.0-ltz-vcdi/1431285478,BCLV
Renault Clio Sport 16v,"£1,150",2001," 80,000 miles","Fuel type: Petrol, Engine size: 1,149 cc","Enfield, London",https://www.gumtree.com/p/renault/renault-clio-sport-16v-/1431285439,GCLV
"Vauxhall, CORSA, Hatchback, 2009, Manual, 1364 (cc), 5 doors","£1,750",2009," 111,185 miles","Fuel type: Petrol, Engine size: 1,364 cc","North London, London",https://www.gumtree.com/p/vauxhall/vauxhall-corsa-hatchback-2009-manual-1364-cc-5-doors/1431285198,GCLV
2008 AUTOMATIC FIAT 500 1.4 LOUNGE PAN ROOF,"£4,500",2008," 85,000 miles","Fuel type: Petrol, Engine size: 1,368 cc","Islington, London",https://www.gumtree.com/p/fiat/2008-automatic-fiat-500-1.4-lounge-pan-roof-/1431285108,GCHV
Nissan Patrol SVE TD AUTO 2004 **P/X WELCOME**,"£6,500",2004," 111,000 miles","Seller type: Trade, Fuel type: Diesel, Engine size: 2,953 cc","Romford, London",https://www.gumtree.com/p/nissan/nissan-patrol-sve-td-auto-2004-p-x-welcome-/1431284994,GCLV
2012 Vauxhall Astra 1.6i 16V SRI 5dr Manual Hatchback Petrol,"£3,500",2012," 96,000 miles","Fuel type: Petrol, Engine size: 1,598 cc","Tower Hamlets, London",https://www.gumtree.com/p/vauxhall/2012-vauxhall-astra-1.6i-16v-sri-5dr-manual-hatchback-petrol/1431284852,BCHV
HONDA CIVIC 07 HATCHBACK 1.8 BLUE SAT NAV PARKING SENSOR LONG MOT,"£1,675",2007," 135,500 miles","Fuel type: Petrol, Engine size: 1,799 cc","Greenford, London",https://www.gumtree.com/p/honda/honda-civic-07-hatchback-1.8-blue-sat-nav-parking-sensor-long-mot/1431284826,BCLV
MINI COUNTRYMAN 1.6 ONE (A/C) AUTOMATIC - 5 DOOR - 2012 - WHITE **LOW MILES**,"£10,449",2012," 43,000 miles","Seller type: Trade, Fuel type: Petrol, Engine size: 1,598 cc","Croydon, London",https://www.gumtree.com/p/mini/mini-countryman-1.6-one-a-c-automatic-5-door-2012-white-low-miles-/1428642000,GCHV
2019 SEAT Arona 1.0 TSI 115 SE Technology [EZ] 5dr DSG Auto Hatchback Petrol Aut,"£16,599",2019," 7,054 miles","Seller type: Trade, Fuel type: Petrol, Engine size: 999 cc","East London, London",https://www.gumtree.com/p/seat/2019-seat-arona-1.0-tsi-115-se-technology-ez-5dr-dsg-auto-hatchback-petrol-aut/1428995193,GCLV
"Mercedes-Benz, E CLASS, Saloon, 2018, Semi-Auto, 1950 (cc), 4 doors","£22,495",2018," 36,000 miles","Fuel type: Diesel, Engine size: 1,950 cc","East Ham, London",https://www.gumtree.com/p/mercedes-benz/mercedes-benz-e-class-saloon-2018-semi-auto-1950-cc-4-doors/1431287322,BCHV
2009 Land Rover Discovery 4 3.0 TD V6 GS Auto 4WD 5dr +7 Seats +Low Miles +1 For,"£13,980",2009," 63,200 miles","Seller type: Trade, Fuel type: Diesel, Engine size: 2,993 cc","Edmonton, London",https://www.gumtree.com/p/land-rover/2009-land-rover-discovery-4-3.0-td-v6-gs-auto-4wd-5dr-7-seats-low-miles-1-for/1426669013,GCLV
BMW 4 SERIES COUPE 428i 241HP,"£11,500",2013," 112,000 miles","Fuel type: Petrol, Engine size: 1,997 cc","Surrey Quays, London",https://www.gumtree.com/p/bmw/bmw-4-series-coupe-428i-241hp/1430163073,BCHV
Mercedes-Benz A Class 2.1 A200d AMG Line (Premium Plus) 7G-DCT (s/s) 5dr,"£19,495",2018," 40,088 miles","Seller type: Trade, Fuel type: Diesel, Engine size: 2,143 cc","Mitcham, London",https://www.gumtree.com/p/mercedes-benz/mercedes-benz-a-class-2.1-a200d-amg-line-premium-plus-7g-dct-s-s-5dr/1421136528,GCLV
"Mercedes-Benz, GLA, Estate, 2016, Semi-Auto, 1595 (cc), 5 doors","£15,000",2016," 42,000 miles","Fuel type: Petrol, Engine size: 1,595 cc","Southall, London",https://www.gumtree.com/p/mercedes-benz/mercedes-benz-gla-estate-2016-semi-auto-1595-cc-5-doors/1431288397,BCLV
⭐2006 VOLKSWAGEN GOLF GTI 2.0 TFSI DSG⭐HPI CLEAR✔️LOW MILES✔️FULL FSH✔,"£5,200",2006," 117,000 miles","Fuel type: Petrol, Engine size: 1,984 cc","Romford, London",https://www.gumtree.com/p/volkswagen/-2006-volkswagen-golf-gti-2.0-tfsi-dsg-hpi-clear-low-miles-full-fsh-/1431288213,GCHV
BMW 2 Series Tourer 2.0 220i Luxury Active Tourer Petrol,"£19,000",2018," 13,489 miles","Seller type: Trade, Fuel type: Petrol, Engine size: 1,998 cc","West London, London",https://www.gumtree.com/p/bmw/bmw-2-series-tourer-2.0-220i-luxury-active-tourer-petrol/1426180182,GCLV
2020 Ford Puma 1.0 EcoBoost Hybrid mHEV ST-Line 5dr Manual Hatchback Petrol Manu,"£20,500",2020," 7,000 miles","Seller type: Trade, Fuel type: Petrol, Engine size: 999 cc","Barking, London",https://www.gumtree.com/p/ford/2020-ford-puma-1.0-ecoboost-hybrid-mhev-st-line-5dr-manual-hatchback-petrol-manu/1430907948,GCLV
Volkswagen Golf 1.4 TSI GT DSG 5dr Petrol,"£8,295",2009," 48,000 miles","Seller type: Trade, Fuel type: Petrol, Engine size: 1,390 cc","Tooting, London",https://www.gumtree.com/p/volkswagen/volkswagen-golf-1.4-tsi-gt-dsg-5dr-petrol/1431063037,GCHV
2018 Vauxhall Mokka X 1.4 ELITE NAV Auto Hatchback PETROL Automatic,"£15,695",2018," 28,572 miles","Seller type: Trade, Fuel type: Petrol, Engine size: 1,364 cc","Greenwich, London",https://www.gumtree.com/p/vauxhall/2018-vauxhall-mokka-x-1.4-elite-nav-auto-hatchback-petrol-automatic/1430145739,GCLV
2017 Audi A5 S5 Quattro 2dr Tiptronic Convertible Petrol Automatic,"£31,302",2017," 31,800 miles","Seller type: Trade, Fuel type: Petrol, Engine size: 3,000 cc","Orpington, London",https://www.gumtree.com/p/audi/2017-audi-a5-s5-quattro-2dr-tiptronic-convertible-petrol-automatic/1428339202,GCLV
Toyota C-HR TOYOTA C-HR 1.8 Hybrid Excel 5dr CVT [Leather] Hybrid,"£24,000",2019," 5,788 miles","Seller type: Trade, Fuel type: Hybrid Electric, Engine size: 1,798 cc","Romford, London",https://www.gumtree.com/p/toyota/toyota-c-hr-toyota-c-hr-1.8-hybrid-excel-5dr-cvt-leather-hybrid/1425755514,GCLV
2021 Ford Puma 1.0 EcoBoost Hybrid mHEV ST-Line X 5dr Hatchback Petrol Manual,"£23,741",2021," 4,613 miles","Seller type: Trade, Fuel type: Petrol, Engine size: 999 cc","Romford, London",https://www.gumtree.com/p/ford/2021-ford-puma-1.0-ecoboost-hybrid-mhev-st-line-x-5dr-hatchback-petrol-manual/1427677057,GCLV
2018 Kia Stonic 1.0 T-GDi 2 Manual Estate Petrol Manual,"£13,650",2018," 37,567 miles","Seller type: Trade, Fuel type: Petrol, Engine size: 998 cc","Brentford, London",https://www.gumtree.com/p/kia/2018-kia-stonic-1.0-t-gdi-2-manual-estate-petrol-manual/1427677295,BCLV
2019 Vauxhall Mokka X 1.4 ACTIVE Auto Hatchback PETROL Automatic,"£15,695",2019," 11,126 miles","Seller type: Trade, Fuel type: Petrol, Engine size: 1,364 cc","Bexleyheath, London",https://www.gumtree.com/p/vauxhall/2019-vauxhall-mokka-x-1.4-active-auto-hatchback-petrol-automatic/1426259638,GCLV
Peugeot 3008 1.5 BlueHDi GT Line Diesel,"£17,799",2018," 26,689 miles","Seller type: Trade, Fuel type: Diesel, Engine size: 1,499 cc","West London, London",https://www.gumtree.com/p/peugeot/peugeot-3008-1.5-bluehdi-gt-line-diesel/1426180324,GCLV
MERCEDES-BENZ GLE-CLASS 3.0L GLE 350 D 4MATIC AMG LINE PREMIUM PLUS 4d AUTO,"£35,495",2015," 40,000 miles","Seller type: Trade, Fuel type: Diesel, Engine size: 2,987 cc","Heathrow, London",https://www.gumtree.com/p/mercedes-benz/mercedes-benz-gle-class-3.0l-gle-350-d-4matic-amg-line-premium-plus-4d-auto/1424655904,GCHV
2020 Hyundai Ioniq 38.3kWh Premium Hatchback 5dr Electric Auto (136 ps) Hatchbac,"£22,950",2020," 20,064 miles","Seller type: Trade, Fuel type: Electric, Engine size: 1 cc","Chiswick, London",https://www.gumtree.com/p/hyundai/2020-hyundai-ioniq-38.3kwh-premium-hatchback-5dr-electric-auto-136-ps-hatchbac/1428569048,BCLV
Mercedes CLA 2.2 200d AMG Line Diesel,"£16,799",2017," 48,441 miles","Seller type: Trade, Fuel type: Diesel, Engine size: 2,143 cc","West London, London",https://www.gumtree.com/p/mercedes-benz/mercedes-cla-2.2-200d-amg-line-diesel/1425745160,BCHV
Toyota AYGO 1.0 VVT-i x-cite 5dr Petrol,"£7,989",2016," 42,000 miles","Seller type: Trade, Fuel type: Petrol, Engine size: 998 cc","Norbury, London",https://www.gumtree.com/p/toyota/toyota-aygo-1.0-vvt-i-x-cite-5dr-petrol/1425020989,GCLV
2020 MINI HATCHBACK 1.5 Cooper Sport II 3dr Auto Hatchback Petrol Automatic,"£21,599",2020," 11,305 miles","Seller type: Trade, Fuel type: Petrol, Engine size: 1,499 cc","East London, London",https://www.gumtree.com/p/mini/2020-mini-hatchback-1.5-cooper-sport-ii-3dr-auto-hatchback-petrol-automatic/1426398750,GCLV
Ford Edge 2.0 TDCi 210 Sport Powershift AWD Diesel,"£21,799",2016," 36,722 miles","Seller type: Trade, Fuel type: Diesel, Engine size: 1,997 cc","West London, London",https://www.gumtree.com/p/ford/ford-edge-2.0-tdci-210-sport-powershift-awd-diesel/1426180262,GCHV
Nissan Qashqai 1.5 dCi Acenta Premium Diesel,"£13,299",2018," 32,070 miles","Seller type: Trade, Fuel type: Diesel, Engine size: 1,461 cc","West London, London",https://www.gumtree.com/p/nissan/nissan-qashqai-1.5-dci-acenta-premium-diesel/1425744889,BCLV
2020 Honda HONDA E 35.5kWh Advance Hatchback 5dr Electric Auto (17in Alloy) (154,"£28,450",2020," 10,589 miles","Seller type: Trade, Fuel type: Electric, Engine size: 1 cc","Chiswick, London",https://www.gumtree.com/p/honda/2020-honda-honda-e-35.5kwh-advance-hatchback-5dr-electric-auto-17in-alloy-154/1426617023,GCLV
2020 Peugeot 308 1.5 BLUEHDI S/S ALLURE DIGITAL Auto Hatchback DIESEL Automatic,"£17,895",2020," 14,745 miles","Seller type: Trade, Fuel type: Diesel, Engine size: 1,499 cc","Sidcup, London",https://www.gumtree.com/p/peugeot/2020-peugeot-308-1.5-bluehdi-s-s-allure-digital-auto-hatchback-diesel-automatic/1426621280,GCLV
2019 Ford Fiesta 1.0 EcoBoost Zetec Navigation 5dr Manual Hatchback Petrol Manua,"£13,000",2019," 18,531 miles","Seller type: Trade, Fuel type: Petrol, Engine size: 998 cc","Wimbledon, London",https://www.gumtree.com/p/ford/2019-ford-fiesta-1.0-ecoboost-zetec-navigation-5dr-manual-hatchback-petrol-manua/1430907038,GCLV
2021 Nissan Leaf 110kW 10 40kWh 5dr Auto Automatic Hatchback Electric Automatic,"£25,975",2021," 2,159 miles","Seller type: Trade, Fuel type: Electric, Engine size: 1 cc","South East London, London",https://www.gumtree.com/p/nissan/2021-nissan-leaf-110kw-10-40kwh-5dr-auto-automatic-hatchback-electric-automatic/1426823656,GCLV
Ford Focus TITANIUM X,"£7,995",2014," 72,000 miles","Seller type: Trade, Fuel type: Petrol, Engine size: 1,596 cc","Ilford, London",https://www.gumtree.com/p/ford/ford-focus-titanium-x/1430147901,BCLV
Renault Megane 1.5 dCi Expression+ Diesel,"£10,499",2017," 50,785 miles","Seller type: Trade, Fuel type: Diesel, Engine size: 1,461 cc","West London, London",https://www.gumtree.com/p/renault/renault-megane-1.5-dci-expression-diesel/1428999518,BCLV
2015 Volkswagen Scirocco 2.0 TDi 184 BlueMotion Tech GT 3dr COUPE Diesel Manual,"£10,395",2015," 86,500 miles","Seller type: Trade, Fuel type: Diesel, Engine size: 1,968 cc","Newham, London",https://www.gumtree.com/p/volkswagen/2015-volkswagen-scirocco-2.0-tdi-184-bluemotion-tech-gt-3dr-coupe-diesel-manual/1430854391,BCHV
Vauxhall Astra 1.6 16v Exclusiv Euro 5 5dr Petrol,"£2,789",2010," 88,000 miles","Seller type: Trade, Fuel type: Petrol, Engine size: 1,598 cc","Wembley, London",https://www.gumtree.com/p/vauxhall/vauxhall-astra-1.6-16v-exclusiv-euro-5-5dr-petrol/1430945199,GCLV
Renault Megane petrol 1.6cc 3dr 2010,"£1,950",2010," 93,000 miles","Seller type: Trade, Fuel type: Petrol, Engine size: 1,598 cc","Neasden, London",https://www.gumtree.com/p/renault/renault-megane-petrol-1.6cc-3dr-2010/1428226219,BCLV
MERCEDES SL320 (R129) FOR SALE,"£8,250",1998," 115,900 miles","Fuel type: Petrol, Engine size: 3,196 cc","Bromley, London",https://www.gumtree.com/p/mercedes-benz/mercedes-sl320-r129-for-sale/1428836184,GCLV
SEAT IBIZA TOCA PETROL Excellent condition drives like new,"£6,500",2015," 39,000 miles","Seller type: Trade, Fuel type: Petrol, Engine size: 1,390 cc","Kingsbury, London",https://www.gumtree.com/p/seat/seat-ibiza-toca-petrol-excellent-condition-drives-like-new-/1430731746,GCLV
2017 Hyundai Kona 1.6T GDi Blue Drive Premium GT 5dr 4WD DCT Semi-Auto Hatchback,"£21,895",2017," 2,704 miles","Seller type: Trade, Fuel type: Petrol, Engine size: 1,591 cc","Catford, London",https://www.gumtree.com/p/hyundai/2017-hyundai-kona-1.6t-gdi-blue-drive-premium-gt-5dr-4wd-dct-semi-auto-hatchback/1426823749,GCLV
Nissan Qashqai 1.5 dCi Acenta Diesel,"£14,000",2019," 17,816 miles","Seller type: Trade, Fuel type: Diesel, Engine size: 1,461 cc","West London, London",https://www.gumtree.com/p/nissan/nissan-qashqai-1.5-dci-acenta-diesel/1425744681,GCLV
MERCEDES BENZ C180 AUTO / PETROL / ULEZ FREE / FULL SERVICE HISTORY / C CLASS / SALOON E / CHEAP CAR,"£1,995",2002," 75,000 miles","Fuel type: Petrol, Engine size: 1,796 cc","Southall, London",https://www.gumtree.com/p/mercedes-benz/mercedes-benz-c180-auto-petrol-ulez-free-full-service-history-c-class-saloon-e-cheap-car/1431287787,GCLV
Range rover vogue v8,"£7,569",2008," 107,465 miles","Fuel type: Diesel, Engine size: 3,630 cc","Queens Park, London",https://www.gumtree.com/p/land-rover/range-rover-vogue-v8/1431287713,BCLV
"Mercedes-Benz, E CLASS, Saloon, 2018, Semi-Auto, 1950 (cc), 4 doors","£22,495",2018," 36,000 miles","Fuel type: Diesel, Engine size: 1,950 cc","East Ham, London",https://www.gumtree.com/p/mercedes-benz/mercedes-benz-e-class-saloon-2018-semi-auto-1950-cc-4-doors/1431287322,BCLV
Mini one 2007 ulez free 100k,"£1,650",2008," 100,000 miles","Fuel type: Petrol, Engine size: 1,397 cc","Enfield, London",https://www.gumtree.com/p/mini/mini-one-2007-ulez-free-100k/1431287309,GCLV
Bmw 325i se,"£3,800",2006," 122,000 miles","Fuel type: Petrol, Engine size: 2,497 cc","Dagenham, London",https://www.gumtree.com/p/bmw/bmw-325i-se-/1431287131,BCHV
2015 Volkswagen Polo 1.2 TSI BlueMotion Tech SE DSG (s/s) 5dr +20£Tax +Auto +ULE,"£8,980",2015," 32,800 miles","Seller type: Trade, Fuel type: Petrol, Engine size: 1,197 cc","Edmonton, London",https://www.gumtree.com/p/volkswagen/2015-volkswagen-polo-1.2-tsi-bluemotion-tech-se-dsg-s-s-5dr-20£tax-auto-ule/1423709871,GCHV
Toyota Corolla 1.8 VVTL-i T Sport 3dr Petrol,"£2,595",2004," 108,000 miles","Seller type: Trade, Fuel type: Petrol, Engine size: 1,796 cc","Tooting, London",https://www.gumtree.com/p/toyota/toyota-corolla-1.8-vvtl-i-t-sport-3dr-petrol/1431061973,GCLV
Mercedes-Benz SL Class 5.0 SL500 Silver Arrow Limited Edition 2dr Petrol,"£70,000",2001," 30,000 miles","Seller type: Trade, Fuel type: Petrol, Engine size: 4,966 cc","Acton, London",https://www.gumtree.com/p/mercedes-benz/mercedes-benz-sl-class-5.0-sl500-silver-arrow-limited-edition-2dr-petrol/1422729866,GCHV
Honda Civic 1.6 i-DTEC Black Edition 5dr Diesel,"£7,250",2014," 84,000 miles","Seller type: Trade, Fuel type: Diesel, Engine size: 1,597 cc","Rainham, London",https://www.gumtree.com/p/honda/honda-civic-1.6-i-dtec-black-edition-5dr-diesel/1425603212,BCHV
2019 Honda Jazz 1.3 i-VTEC SE Hatchback 5dr Petrol (s/s) (102 ps) Hatchback Petr,"£11,950",2019," 18,076 miles","Seller type: Trade, Fuel type: Petrol, Engine size: 1,318 cc","Chiswick, London",https://www.gumtree.com/p/honda/2019-honda-jazz-1.3-i-vtec-se-hatchback-5dr-petrol-s-s-102-ps-hatchback-petr/1425522805,GCLV
Mini Hatch 1.5 Cooper Chili Pack Petrol,"£15,799",2018," 9,301 miles","Seller type: Trade, Fuel type: Petrol, Engine size: 1,499 cc","West London, London",https://www.gumtree.com/p/mini/mini-hatch-1.5-cooper-chili-pack-petrol/1426616523,GCLV
2019 Ford Ecosport 5Dr ST-Line 1.0 125PS Hatchback Petrol Manual,"£16,000",2019," 28,279 miles","Seller type: Trade, Fuel type: Petrol, Engine size: 1,000 cc","Enfield, London",https://www.gumtree.com/p/ford/2019-ford-ecosport-5dr-st-line-1.0-125ps-hatchback-petrol-manual/1428338039,BCLV
Volkswagen Golf 1.4 TSI BlueMotion Tech Match DSG 5dr Stop/Start,"£15,790",2015," 10,648 miles","Seller type: Trade, Fuel type: Petrol, Engine size: 1,390 cc","Richmond, London",https://www.gumtree.com/p/volkswagen/volkswagen-golf-1.4-tsi-bluemotion-tech-match-dsg-5dr-stop-start/1429001906,GCHV
Nissan Qashqai 1.5 dCi Tekna 5dr Diesel,"£11,000",2014," 50,000 miles","Seller type: Trade, Fuel type: Diesel, Engine size: 1,461 cc","Heathrow, London",https://www.gumtree.com/p/nissan/nissan-qashqai-1.5-dci-tekna-5dr-diesel/1423478327,GCLV
2016 BMW 1 Series 118i [1.5] SE 5dr [Nav] HATCHBACK Petrol Manual,"£10,545",2016," 80,364 miles","Seller type: Trade, Fuel type: Petrol, Engine size: 1,499 cc","Palmers Green, London",https://www.gumtree.com/p/bmw/2016-bmw-1-series-118i-1.5-se-5dr-nav-hatchback-petrol-manual/1423951617,BCHV
2019 Land Rover Range Rover Sport 2.0 P400e HSE Dynamic 5dr Auto SUV Petrol/Plu,"£70,990",2019," 15,045 miles","Seller type: Trade, Fuel type: Petrol, Engine size: 1,997 cc","West End, London",https://www.gumtree.com/p/land-rover/2019-land-rover-range-rover-sport-2.0-p400e-hse-dynamic-5dr-auto-suv-petrol-plu-/1431061979,GCLV
Nissan Qashqai 1.6 dCi Tekna 5dr Diesel,"£13,240",2016," 38,000 miles","Seller type: Trade, Fuel type: Diesel, Engine size: 1,598 cc","Uxbridge, London",https://www.gumtree.com/p/nissan/nissan-qashqai-1.6-dci-tekna-5dr-diesel/1429443683,GCHV
2020 Ford Puma 1.0 EcoBoost Hybrid mHEV 155 ST-Line X 1st Ed 5dr Hatchback Petro,"£23,670",2020," 12,372 miles","Seller type: Trade, Fuel type: Petrol, Engine size: 999 cc","Upminster, London",https://www.gumtree.com/p/ford/2020-ford-puma-1.0-ecoboost-hybrid-mhev-155-st-line-x-1st-ed-5dr-hatchback-petro/1427904627,GCLV
Volkswagen Tiguan 2.0 TDi 150 S 4Motion DSG Diesel,"£19,000",2017," 36,823 miles","Seller type: Trade, Fuel type: Diesel, Engine size: 1,968 cc","West London, London",https://www.gumtree.com/p/volkswagen/volkswagen-tiguan-2.0-tdi-150-s-4motion-dsg-diesel/1426615894,GCHV
Renault Captur RENAULT CAPTUR 0.9 TCE 90 Iconic 5dr Petrol,"£13,000",2019," 12,699 miles","Seller type: Trade, Fuel type: Petrol, Engine size: 898 cc","Romford, London",https://www.gumtree.com/p/renault/renault-captur-renault-captur-0.9-tce-90-iconic-5dr-petrol/1428269244,GCLV
2018 Nissan Juke 1.6 Tekna 5dr Xtronic Auto Hatchback Petrol Automatic,"£16,500",2018," 15,389 miles","Seller type: Trade, Fuel type: Petrol, Engine size: 1,598 cc","Mill Hill, London",https://www.gumtree.com/p/nissan/2018-nissan-juke-1.6-tekna-5dr-xtronic-auto-hatchback-petrol-automatic/1428789673,GCLV
2019 Nissan Qashqai 1.3 DiG-T 160 N-Connecta 5dr DCT Semi-Auto Hatchback Petrol,"£20,275",2019," 15,338 miles","Seller type: Trade, Fuel type: Petrol, Engine size: 1,332 cc","Eltham, London",https://www.gumtree.com/p/nissan/2019-nissan-qashqai-1.3-dig-t-160-n-connecta-5dr-dct-semi-auto-hatchback-petrol-/1430373648,GCLV
Toyota Voxy 1.8 Hybrid 7 Seats MPV MPV Petrol/Electric Hybrid Automatic,"£17,995",2014," 63,800 miles","Seller type: Trade, Fuel type: Petrol, Engine size: 1,800 cc","Hornchurch, London",https://www.gumtree.com/p/toyota/toyota-voxy-1.8-hybrid-7-seats-mpv-mpv-petrol-electric-hybrid-automatic/1429685098,BCLV
BMW 5 SERIES **ULEZ ***BIG SPEC,"£13,200",2013," 70,000 miles","Fuel type: Diesel, Engine size: 1,995 cc","Newham, London",https://www.gumtree.com/p/bmw/bmw-5-series-ulez-big-spec/1430369955,BCHV
Mercedes-Benz E Class 2.1 E250 CDI BlueEFFICIENCY SE 2dr Diesel,"£7,595",2010," 71,695 miles","Seller type: Trade, Fuel type: Diesel, Engine size: 2,143 cc","Mitcham, London",https://www.gumtree.com/p/mercedes-benz/mercedes-benz-e-class-2.1-e250-cdi-blueefficiency-se-2dr-diesel/1417278666,GCLV
LHD 2016 Ford Kuga 2.0 TDCi automatic Titanium Individual,"£9,900",2016," 45,300 miles","Fuel type: Diesel, Engine size: 2,000 cc","Tooting Broadway, London",https://www.gumtree.com/p/ford/lhd-2016-ford-kuga-2.0-tdci-automatic-titanium-individual/1416505370,BCHV
"2012 FORD FOCUS 1.6 Zetec 5dr *Full Service History 7-Stamps, ONLY 32000 Miles*","£7,199",2012," 32,000 miles","Seller type: Trade, Fuel type: Petrol, Engine size: 1,596 cc","Heathrow, London",https://www.gumtree.com/p/ford/2012-ford-focus-1.6-zetec-5dr-full-service-history-7-stamps-only-32000-miles-/1419696247,GCHV
Audi A6 Saloon 3.0 TDI Le Mans quattro 4dr Diesel,"£2,789",2007," 172,000 miles","Seller type: Trade, Fuel type: Diesel, Engine size: 2,967 cc","Wembley, London",https://www.gumtree.com/p/audi/audi-a6-saloon-3.0-tdi-le-mans-quattro-4dr-diesel/1430945677,BCLV
Vauxhall Mokka X 1.4 T Elite Petrol,"£13,299",2018," 30,555 miles","Seller type: Trade, Fuel type: Petrol, Engine size: 1,364 cc","West London, London",https://www.gumtree.com/p/vauxhall/vauxhall-mokka-x-1.4-t-elite-petrol/1425962630,BCLV
Seat Arona 1.6 TDi Xcellence Lux EZ DSG Diesel,"£16,499",2019," 31,992 miles","Seller type: Trade, Fuel type: Diesel, Engine size: 1,598 cc","West London, London",https://www.gumtree.com/p/seat/seat-arona-1.6-tdi-xcellence-lux-ez-dsg-diesel/1426616224,BCLV
Ford Kuga 1.5 EcoBoost ST-Line X Petrol,"£15,799",2017," 38,165 miles","Seller type: Trade, Fuel type: Petrol, Engine size: 1,498 cc","West London, London",https://www.gumtree.com/p/ford/ford-kuga-1.5-ecoboost-st-line-x-petrol/1425744103,BCHV
2018 Honda HR-V 1.6 i-DTEC EX SUV 5dr Diesel (s/s) (120 ps) Hatchback Diesel Man,"£17,750",2018," 12,539 miles","Seller type: Trade, Fuel type: Diesel, Engine size: 1,597 cc","Chiswick, London",https://www.gumtree.com/p/honda/2018-honda-hr-v-1.6-i-dtec-ex-suv-5dr-diesel-s-s-120-ps-hatchback-diesel-man/1425298710,GCLV
Lexus CT 200h 1.8 SE Plus Pack,"£16,499",2018," 30,258 miles","Seller type: Trade, Fuel type: Petrol, Engine size: 1,798 cc","West London, London",https://www.gumtree.com/p/lexus/lexus-ct-200h-1.8-se-plus-pack/1430144782,BCLV
Mercedes GLA 2.2 220d AMG Line Executive 4Matic DCT Diesel,"£20,799",2017," 29,112 miles","Seller type: Trade, Fuel type: Diesel, Engine size: 2,143 cc","West London, London",https://www.gumtree.com/p/mercedes-benz/mercedes-gla-2.2-220d-amg-line-executive-4matic-dct-diesel/1425743417,GCHV
Renault Laguna 2.0 16v Dynamique 5dr Petrol,"£2,495",2007," 64,500 miles","Seller type: Trade, Fuel type: Petrol, Engine size: 1,998 cc","Wembley, London",https://www.gumtree.com/p/renault/renault-laguna-2.0-16v-dynamique-5dr-petrol/1428268959,GCLV
2016 MERCEDES-BENZ GLA-CLASS 2.1 GLA 200 D AMG LINE 5d 134 BHP Diesel,"£16,995",2016," 58,598 miles","Seller type: Trade, Fuel type: Diesel, Engine size: 2,143 cc","Edgware, London",https://www.gumtree.com/p/mercedes-benz/2016-mercedes-benz-gla-class-2.1-gla-200-d-amg-line-5d-134-bhp-diesel/1426616122,BCLV
2017 Volkswagen Polo 1.2 TSI Match Edition 5dr HATCHBACK Petrol Manual,"£10,500",2017," 54,000 miles","Seller type: Trade, Fuel type: Petrol, Engine size: 1,197 cc","Palmers Green, London",https://www.gumtree.com/p/volkswagen/2017-volkswagen-polo-1.2-tsi-match-edition-5dr-hatchback-petrol-manual/1429685283,BCHV
Chevrolet Matiz 1.0 SE 5dr Petrol,"£2,500",2009," 14,000 miles","Seller type: Trade, Fuel type: Petrol, Engine size: 995 cc","Heathrow, London",https://www.gumtree.com/p/chevrolet/chevrolet-matiz-1.0-se-5dr-petrol/1428789496,GCLV
2018 Ford Kuga 1.5 TDCi Titanium 5dr 2WD Manual Estate Diesel Manual,"£15,300",2018," 24,935 miles","Seller type: Trade, Fuel type: Diesel, Engine size: 1,499 cc","Barking, London",https://www.gumtree.com/p/ford/2018-ford-kuga-1.5-tdci-titanium-5dr-2wd-manual-estate-diesel-manual/1430906836,GCLV
Renault Clio RENAULT CLIO 0.9 TCE 90 Iconic 5dr Petrol,"£11,000",2018," 11,232 miles","Seller type: Trade, Fuel type: Petrol, Engine size: 898 cc","Romford, London",https://www.gumtree.com/p/renault/renault-clio-renault-clio-0.9-tce-90-iconic-5dr-petrol/1428269655,GCLV
2021 Ford S-MAX 2.0 EcoBlue 190 ST-Line 5dr Auto AWD MPV Diesel Automatic,"£34,418",2021," 17,836 miles","Seller type: Trade, Fuel type: Diesel, Engine size: 1,996 cc","Romford, London",https://www.gumtree.com/p/ford/2021-ford-s-max-2.0-ecoblue-190-st-line-5dr-auto-awd-mpv-diesel-automatic/1427676651,BCHV
KIA Sportage 1.7 CRDi 3 Diesel,"£15,799",2018," 37,391 miles","Seller type: Trade, Fuel type: Diesel, Engine size: 1,685 cc","West London, London",https://www.gumtree.com/p/kia/kia-sportage-1.7-crdi-3-diesel/1426616429,BCLV
2019 Ford Fiesta 1.0 EcoBoost Zetec 5dr Manual Hatchback Petrol Manual,"£13,800",2019," 8,380 miles","Seller type: Trade, Fuel type: Petrol, Engine size: 998 cc","Kingsbury, London",https://www.gumtree.com/p/ford/2019-ford-fiesta-1.0-ecoboost-zetec-5dr-manual-hatchback-petrol-manual/1430906945,GCLV
2002 Volkswagen golf gti turbo,"£1,999",2002," 150,795 miles","Fuel type: Petrol, Engine size: 1,781 cc","Dagenham, London",https://www.gumtree.com/p/volkswagen/2002-volkswagen-golf-gti-turbo/1431287103,BCLV
2018 Vauxhall Astra 1.4 SRI VX-LINE NAV Hatchback PETROL Manual,"£12,695",2018," 26,518 miles","Seller type: Trade, Fuel type: Petrol, Engine size: 1,399 cc","Bromley, London",https://www.gumtree.com/p/vauxhall/2018-vauxhall-astra-1.4-sri-vx-line-nav-hatchback-petrol-manual/1431287049,GCHV
Bmw 320i automatic 2007 ulez compliant,"£2,795",2007," 95,000 miles","Fuel type: Petrol, Engine size: 1,995 cc","Romford, London",https://www.gumtree.com/p/bmw/bmw-320i-automatic-2007-ulez-compliant-/1431286944,GCLV
Ford kuga 2015,"£10,390",2015," 39,404 miles","Fuel type: Petrol, Engine size: 1,498 cc","Queens Park, London",https://www.gumtree.com/p/ford/ford-kuga-2015/1431286635,GCLV
Vauxhall insignia SRI TURBO 4x4 estate 224 bhp,"£2,200",2009," 145,000 miles","Fuel type: Petrol, Engine size: 1,998 cc","Romford, London",https://www.gumtree.com/p/vauxhall/vauxhall-insignia-sri-turbo-4x4-estate-224-bhp/1431286634,BCLV
53 REG LAND ROVER DISCOVERY 2.5 TD5 AUTOMATIC 7 SEATER,"£4,995",2003," 128,000 miles","Seller type: Trade, Fuel type: Diesel, Engine size: 2,495 cc","Romford, London",https://www.gumtree.com/p/land-rover/53-reg-land-rover-discovery-2.5-td5-automatic-7-seater/1431286609,GCLV
2015 Ford Fiesta 1.25 82 Zetec 3dr HATCHBACK Petrol Manual,"£7,145",2015," 51,350 miles","Seller type: Trade, Fuel type: Petrol, Engine size: 1,241 cc","Palmers Green, London",https://www.gumtree.com/p/ford/2015-ford-fiesta-1.25-82-zetec-3dr-hatchback-petrol-manual/1431286608,GCHV
2012 AUTOMATIC AUDI A4 2.0 BLACK EDITION AVANT,"£10,950",2012," 92,000 miles","Fuel type: Petrol, Engine size: 1,984 cc","Islington, London",https://www.gumtree.com/p/audi/2012-automatic-audi-a4-2.0-black-edition-avant/1431286493,BCHV
Dacia Sandero DACIA SANDERO 1.0 SCe Essential 5dr Petrol,"£7,400",2019," 50,940 miles","Seller type: Trade, Fuel type: Petrol, Engine size: 998 cc","Enfield, London",https://www.gumtree.com/p/dacia/dacia-sandero-dacia-sandero-1.0-sce-essential-5dr-petrol/1428268854,BCHV
BMW 5 Series 3.0 530d M Sport Auto (s/s) 4dr Diesel,"£27,489",2018," 37,000 miles","Seller type: Trade, Fuel type: Diesel, Engine size: 2,993 cc","Norbury, London",https://www.gumtree.com/p/bmw/bmw-5-series-3.0-530d-m-sport-auto-s-s-4dr-diesel/1423477273,BCHV
2016 66 MERCEDES-BENZ C-CLASS 1.6 C200D SPORT 4DR DIESEL,"£16,600",2016," 35,054 miles","Seller type: Trade, Fuel type: Diesel, Engine size: 1,598 cc","Ripley, Derbyshire",https://www.gumtree.com/p/mercedes-benz/2016-66-mercedes-benz-c-class-1.6-c200d-sport-4dr-diesel/1419639301,GCLV
2018 Renault Clio 0.9 ICONIC TCE 5d 89 BHP Hatchback Petrol Manual,"£11,199",2018," 12,520 miles","Seller type: Trade, Fuel type: Petrol, Engine size: 898 cc",Neath Port Talbot,https://www.gumtree.com/p/renault/2018-renault-clio-0.9-iconic-tce-5d-89-bhp-hatchback-petrol-manual/1426158391,GCLV
2013 Nissan Micra 1.2 Tekna 5dr Hatchback Petrol Manual,"£7,300",2013," 30,614 miles","Seller type: Trade, Fuel type: Petrol, Engine size: 1,200 cc","Plympton, Devon",https://www.gumtree.com/p/nissan/2013-nissan-micra-1.2-tekna-5dr-hatchback-petrol-manual/1426476989,GCLV
Ford Fista 1.4 Automatic,"£3,795",2009," 98,861 miles","Seller type: Trade, Fuel type: Petrol, Engine size: 1,388 cc","Weston-super-Mare, Somerset",https://www.gumtree.com/p/ford/ford-fista-1.4-automatic-/1426447514,BCHV
Ford Focus Titanium 2.0 tdci * Cambelt done @ 76k * Only 76k * FSH * Keyless entry + go,"£3,895",2010," 76,000 miles",Fuel type: Diesel,"Plymouth, Devon",https://www.gumtree.com/p/ford/ford-focus-titanium-2.0-tdci-cambelt-done-76k-only-76k-fsh-keyless-entry-go-/1425711496,GCLV
Honda Civic Ex I-Ctdi,"£1,750",2007," 169,000 miles","Fuel type: Diesel, Engine size: 2,204 cc","Portsmouth, Hampshire",https://www.gumtree.com/p/honda/honda-civic-ex-i-ctdi-/1426795648,BCHV
"VAUXHALL ASTRA 1,4 PETROL **ULEZ COMPLIANT**","£2,995",2013," 128,000 miles","Fuel type: Petrol, Engine size: 1,398 cc","Tower Hamlets, London",https://www.gumtree.com/p/vauxhall/vauxhall-astra-1-4-petrol-ulez-compliant-/1426795627,BCLV
"Volvo, V70, Estate, 2008, Manual, 1997 (cc), 5 doors","£1,700",2008," 201,619 miles","Fuel type: Diesel, Engine size: 1,997 cc","Walton, Merseyside",https://www.gumtree.com/p/volvo/volvo-v70-estate-2008-manual-1997-cc-5-doors/1426795609,BCLV
Volvo S40 Eco drive 2010,"£2,500",2010," 152,724 miles","Fuel type: Diesel, Engine size: 1,560 cc","Clock Face, Merseyside",https://www.gumtree.com/p/volvo/volvo-s40-eco-drive-2010/1426795554,BCLV
*ULEZ COMPLIANT* 2009 SEAT IBIZA 3DR COUPE 1.4L SPORT IN BLACK *REDUCED FOR QUICK SALE*,"£1,500",2009," 110,737 miles","Fuel type: Petrol, Engine size: 1,390 cc","Shoeburyness, Essex",https://www.gumtree.com/p/seat/-ulez-compliant-2009-seat-ibiza-3dr-coupe-1.4l-sport-in-black-reduced-for-quick-sale-/1426795549,BCLV
2019 19 REG AUDI A1 SE 25 TFSI DAMAGED REPAIRABLE SALVAGE,"£8,450",2019," 22,100 miles","Seller type: Trade, Fuel type: Petrol, Engine size: 999 cc","Ilkeston, Derbyshire",https://www.gumtree.com/p/audi/2019-19-reg-audi-a1-se-25-tfsi-damaged-repairable-salvage/1426795540,BCLV
"RANGE ROVER 2.5 DIESEL, SUSPENSION FAULT - GOOD ENGINE - LONG MOT","£1,295",1996," 190,000 miles","Fuel type: Diesel, Engine size: 2,497 cc","Blairgowrie, Perth and Kinross",https://www.gumtree.com/p/land-rover/range-rover-2.5-diesel-suspension-fault-good-engine-long-mot/1426795537,BCLV
"Ford, FIESTA, Hatchback, 2009, Other, 1388 (cc), 5 doors","£3,200",2009," 97,258 miles","Fuel type: Petrol, Engine size: 1,388 cc","Wollaton, Nottinghamshire",https://www.gumtree.com/p/ford/ford-fiesta-hatchback-2009-other-1388-cc-5-doors/1426795512,GCLV
S max 2.5,"£2,500",2007, 136 miles,"Fuel type: Petrol, Engine size: 250 cc","Enfield, London",https://www.gumtree.com/p/ford/s-max-2.5-/1426795507,BCLV
"Volkswagen, CADDY, Panel Van, 2010, Manual, 1598 (cc)","£6,850",2010," 106,723 miles","Fuel type: Diesel, Engine size: 1,598 cc","Inverness, Highland",https://www.gumtree.com/p/volkswagen/volkswagen-caddy-panel-van-2010-manual-1598-cc-/1426795493,BCHV
2011 Vauxhall Insignia 2.0 Automatic CDTI,"£3,000",2011," 170,000 miles","Fuel type: Diesel, Engine size: 1,956 cc","Bromley, London",https://www.gumtree.com/p/vauxhall/2011-vauxhall-insignia-2.0-automatic-cdti/1426795491,BCLV
2019 Ford Focus 1.0 EcoBoost 125 Titanium 5dr Hatchback Petrol Manual,"£17,338",2019," 21,640 miles","Seller type: Trade, Fuel type: Petrol, Engine size: 999 cc","Daventry, Northamptonshire",https://www.gumtree.com/p/ford/2019-ford-focus-1.0-ecoboost-125-titanium-5dr-hatchback-petrol-manual/1422607751,GCLV
2019 Renault Kadjar RENAULT KADJAR 1.3 TCE S Edition 5dr SUV Petrol Manual,"£17,500",2019," 28,762 miles","Seller type: Trade, Fuel type: Petrol, Engine size: 1,332 cc","Orpington, London",https://www.gumtree.com/p/renault/2019-renault-kadjar-renault-kadjar-1.3-tce-s-edition-5dr-suv-petrol-manual/1421291910,GCLV
2013 13 VAUXHALL MOKKA 1.4 EXCLUSIV S/S 5D 138 BHP,"£8,799",2013," 36,000 miles","Seller type: Trade, Fuel type: Petrol, Engine size: 1,364 cc","Tilehurst, Berkshire",https://www.gumtree.com/p/vauxhall/2013-13-vauxhall-mokka-1.4-exclusiv-s-s-5d-138-bhp/1418679694,GCLV
2012 Mini Cooper SD - John Cooper Works Pack - Very High Spec - Red Leather,"£5,995",2012," 135,250 miles","Seller type: Trade, Fuel type: Diesel, Engine size: 1,995 cc","Southwater, West Sussex",https://www.gumtree.com/p/mini/2012-mini-cooper-sd-john-cooper-works-pack-very-high-spec-red-leather/1420940925,BCLV
2017 Ford Fiesta 1.0 EcoBoost Titanium 5dr Hatchback petrol Manual,"£13,000",2017," 13,329 miles","Seller type: Trade, Fuel type: Petrol, Engine size: 998 cc",Cardiff,https://www.gumtree.com/p/ford/2017-ford-fiesta-1.0-ecoboost-titanium-5dr-hatchback-petrol-manual/1423922610,GCLV
2014 Renault Clio 1.5 dCi 90 Dynamique S MediaNav Energy 5dr HATCHBACK Diesel Ma,"£6,995",2014," 42,000 miles","Seller type: Trade, Fuel type: Diesel, Engine size: 1,461 cc","Pontarddulais, Swansea",https://www.gumtree.com/p/renault/2014-renault-clio-1.5-dci-90-dynamique-s-medianav-energy-5dr-hatchback-diesel-ma/1420939173,GCLV
2018 Peugeot 3008 1.2 PureTech GT Line 5dr Estate petrol Manual,"£21,800",2018," 6,475 miles","Seller type: Trade, Fuel type: Petrol, Engine size: 1,199 cc","Ashton-under-Lyne, Manchester",https://www.gumtree.com/p/peugeot/2018-peugeot-3008-1.2-puretech-gt-line-5dr-estate-petrol-manual/1423922525,GCLV
2018 68 AUDI A3 1.0 SPORTBACK TFSI BLACK EDITION 5D 114 BHP,"£18,250",2018," 55,600 miles","Seller type: Trade, Fuel type: Petrol, Engine size: 999 cc","Halifax, West Yorkshire",https://www.gumtree.com/p/audi/2018-68-audi-a3-1.0-sportback-tfsi-black-edition-5d-114-bhp/1420196476,GCHV
2018 Volkswagen Golf SE NAV 1.4 TSI 125ps 5dr (Mk7 Facelift) HATCHBACK Petrol Ma,"£16,750",2018," 35,025 miles","Seller type: Trade, Fuel type: Petrol, Engine size: 1,395 cc","Criccieth, Gwynedd",https://www.gumtree.com/p/volkswagen/2018-volkswagen-golf-se-nav-1.4-tsi-125ps-5dr-mk7-facelift-hatchback-petrol-ma/1420914673,GCLV
"Audi A4 Avant (2010) RS4 REPLICA 2.0TDI (+12 Months Warranty) 93,002 mls - FSH","£11,995",2010," 93,002 miles","Seller type: Trade, Fuel type: Diesel, Engine size: 1,968 cc","Peterborough, Cambridgeshire",https://www.gumtree.com/p/audi/audi-a4-avant-2010-rs4-replica-2.0tdi-12-months-warranty-93-002-mls-fsh/1420933405,BCLV
"2012 - Ford Focus 1.6 TI-VCT ( 125ps ) Zetec - 56,000 Miles!","£6,295",2012," 56,000 miles","Seller type: Trade, Fuel type: Petrol, Engine size: 1,596 cc","Poole, Dorset",https://www.gumtree.com/p/ford/2012-ford-focus-1.6-ti-vct-125ps-zetec-56-000-miles-/1424986344,GCLV
2016 Mercedes-Benz GLA GLA 250 4Matic AMG Line 5dr Auto [Premium Plus] Estate Pe,"£24,495",2016," 23,600 miles","Seller type: Trade, Fuel type: Petrol, Engine size: 1,991 cc","Sheffield, South Yorkshire",https://www.gumtree.com/p/mercedes-benz/2016-mercedes-benz-gla-gla-250-4matic-amg-line-5dr-auto-premium-plus-estate-pe/1420944079,GCHV
2018 BMW 3 Series 320d xDrive M Sport Shadow Edition 4dr Step Auto Saloon diesel,"£19,900",2018," 68,319 miles","Seller type: Trade, Fuel type: Diesel, Engine size: 1,995 cc","Wakefield, West Yorkshire",https://www.gumtree.com/p/bmw/2018-bmw-3-series-320d-xdrive-m-sport-shadow-edition-4dr-step-auto-saloon-diesel/1423923028,GCLV
2012 Audi A5 CABRIOLET 2.0 TDI S line Cabriolet 2dr Convertible Diesel Manual,"£9,595",2012," 117,370 miles","Seller type: Trade, Fuel type: Diesel, Engine size: 1,968 cc","Tavistock, Devon",https://www.gumtree.com/p/audi/2012-audi-a5-cabriolet-2.0-tdi-s-line-cabriolet-2dr-convertible-diesel-manual/1418668388,BCLV
2019 Vauxhall Grandland X 1.2 Turbo SRi Nav 5dr Manual Hatchback Petrol Manual,"£20,000",2019," 13,272 miles","Seller type: Trade, Fuel type: Petrol, Engine size: 1,199 cc","Morriston, Swansea",https://www.gumtree.com/p/vauxhall/2019-vauxhall-grandland-x-1.2-turbo-sri-nav-5dr-manual-hatchback-petrol-manual/1425647471,GCLV
2019 Volkswagen UP 1.0 115PS Up GTI 5dr Manual Hatchback Petrol Manual,"£17,000",2019," 8,528 miles","Seller type: Trade, Fuel type: Petrol, Engine size: 999 cc",Bridgend,https://www.gumtree.com/p/volkswagen/2019-volkswagen-up-1.0-115ps-up-gti-5dr-manual-hatchback-petrol-manual/1424104965,GCLV
2013 / 63 PLATE NISSAN MICRA 1.2 Visia LOW MILES 53K,"£2,995",2013," 53,000 miles","Seller type: Trade, Fuel type: Petrol, Engine size: 1,198 cc","Brighouse, West Yorkshire",https://www.gumtree.com/p/nissan/2013-63-plate-nissan-micra-1.2-visia-low-miles-53k/1425877596,GCLV
2014 Citroen DS3 1.2 PureTech DSign Plus 3dr Hatchback Petrol Manual,"£7,788",2014," 28,700 miles","Seller type: Trade, Fuel type: Petrol, Engine size: 1,199 cc","Barnoldswick, Lancashire",https://www.gumtree.com/p/citroen/2014-citroen-ds3-1.2-puretech-dsign-plus-3dr-hatchback-petrol-manual/1425143548,GCLV
2018 Ford Focus 1.5 TITANIUM TDCI 5d 118 BHP Hatchback Diesel Manual,"£12,799",2018," 37,533 miles","Seller type: Trade, Fuel type: Diesel, Engine size: 1,499 cc","Pontyclun, Rhondda Cynon Taf",https://www.gumtree.com/p/ford/2018-ford-focus-1.5-titanium-tdci-5d-118-bhp-hatchback-diesel-manual/1426015902,GCLV
2018 SEAT Leon TDI FR TECHNOLOGY Hatchback Diesel Manual,"£14,800",2018," 41,689 miles","Seller type: Trade, Fuel type: Diesel, Engine size: 1,968 cc","Peterborough, Cambridgeshire",https://www.gumtree.com/p/seat/2018-seat-leon-tdi-fr-technology-hatchback-diesel-manual/1422305034,BCLV
2016 Volkswagen Golf 2.0 TSI BlueMotion Tech GTI (s/s) 5dr Hatchback Petrol Manu,"£16,295",2016," 61,000 miles","Seller type: Trade, Fuel type: Petrol, Engine size: 1,984 cc","Accrington, Lancashire",https://www.gumtree.com/p/volkswagen/2016-volkswagen-golf-2.0-tsi-bluemotion-tech-gti-s-s-5dr-hatchback-petrol-manu/1420193430,BCHV
2009 Land Rover Discovery 2.7 Td V6 XS 5dr 7 Seater ESTATE Diesel Manual,"£9,495",2009," 115,848 miles","Seller type: Trade, Fuel type: Diesel, Engine size: 2,720 cc","Hull, East Yorkshire",https://www.gumtree.com/p/land-rover/2009-land-rover-discovery-2.7-td-v6-xs-5dr-7-seater-estate-diesel-manual/1420198592,BCLV
Mercedes-Benz CLK200 Kompressor 1.8 Avantgarde,"£1,495",2003," 105,000 miles","Seller type: Trade, Fuel type: Petrol, Engine size: 1,796 cc","Derby, Derbyshire",https://www.gumtree.com/p/mercedes-benz/mercedes-benz-clk200-kompressor-1.8-avantgarde/1391252139,GCLV
2019 Honda Jazz I-vtec Se 1.3 Auto Hatchback Petrol Automatic,"£13,995",2019," 12,211 miles","Seller type: Trade, Fuel type: Petrol, Engine size: 1,300 cc","Sparkhill, West Midlands",https://www.gumtree.com/p/honda/2019-honda-jazz-i-vtec-se-1.3-auto-hatchback-petrol-automatic/1420188891,GCLV
2017 Audi A1 1.4 TFSI Sport Sportback (s/s) 5dr Hatchback Petrol Manual,"£12,950",2017," 23,000 miles","Seller type: Trade, Fuel type: Petrol, Engine size: 1,395 cc","Peterborough, Cambridgeshire",https://www.gumtree.com/p/audi/2017-audi-a1-1.4-tfsi-sport-sportback-s-s-5dr-hatchback-petrol-manual/1421645567,GCLV
2018 Peugeot 2008 1.2 PureTech Active 5dr Estate petrol Manual,"£11,650",2018," 18,184 miles","Seller type: Trade, Fuel type: Petrol, Engine size: 1,199 cc","Wakefield, West Yorkshire",https://www.gumtree.com/p/peugeot/2018-peugeot-2008-1.2-puretech-active-5dr-estate-petrol-manual/1423922773,GCLV
2019 SEAT Arona 1.0 TSI 115 FR [EZ] 5dr DSG Auto Hatchback petrol Automatic,"£17,500",2019," 7,895 miles","Seller type: Trade, Fuel type: Petrol, Engine size: 999 cc",Cardiff,https://www.gumtree.com/p/seat/2019-seat-arona-1.0-tsi-115-fr-ez-5dr-dsg-auto-hatchback-petrol-automatic/1423922678,GCLV
2017 Audi Q3 2.0T FSI Quattro S Line Plus 5dr S Tronic Auto Estate petrol Automa,"£23,250",2017," 40,197 miles","Seller type: Trade, Fuel type: Petrol, Engine size: 1,984 cc","Swindon, Wiltshire",https://www.gumtree.com/p/audi/2017-audi-q3-2.0t-fsi-quattro-s-line-plus-5dr-s-tronic-auto-estate-petrol-automa/1423922350,GCLV
2016 Volkswagen Golf 2.0 TSI R 5dr DSG Auto Estate petrol Automatic,"£20,250",2016," 45,249 miles","Seller type: Trade, Fuel type: Petrol, Engine size: 1,968 cc","Warrington, Cheshire",https://www.gumtree.com/p/volkswagen/2016-volkswagen-golf-2.0-tsi-r-5dr-dsg-auto-estate-petrol-automatic/1423922774,GCHV
2019 Vauxhall Mokka X 1.4T ecoTEC Active 5dr Hatchback petrol Manual,"£13,000",2019," 25,914 miles","Seller type: Trade, Fuel type: Petrol, Engine size: 1,364 cc","Wakefield, West Yorkshire",https://www.gumtree.com/p/vauxhall/2019-vauxhall-mokka-x-1.4t-ecotec-active-5dr-hatchback-petrol-manual/1423922855,GCHV
2016 Toyota Auris 1.8 VVT-I EXCEL TOURING SPORTS TSS 5d 99 BHP. FULL SERVICE HIS,"£17,495",2016," 25,600 miles","Seller type: Trade, Fuel type: Other, Engine size: 1,798 cc","Hornchurch, London",https://www.gumtree.com/p/toyota/2016-toyota-auris-1.8-vvt-i-excel-touring-sports-tss-5d-99-bhp.-full-service-his/1420927823,GCHV
2018 Nissan Qashqai 1.2 DiG-T N-Connecta 5dr Hatchback petrol Manual,"£16,450",2018," 22,898 miles","Seller type: Trade, Fuel type: Petrol, Engine size: 1,197 cc",Cardiff,https://www.gumtree.com/p/nissan/2018-nissan-qashqai-1.2-dig-t-n-connecta-5dr-hatchback-petrol-manual/1423922934,GCLV
2016 Volkswagen Touareg 3.0 V6 ESCAPE TDI BLUEMOTION TECHNOLOGY 5d 259 BHP Estat,"£23,990",2016," 47,497 miles","Seller type: Trade, Fuel type: Diesel, Engine size: 2,967 cc","Camelon, Falkirk",https://www.gumtree.com/p/volkswagen/2016-volkswagen-touareg-3.0-v6-escape-tdi-bluemotion-technology-5d-259-bhp-estat/1421275480,GCLV
2018 BMW X5 2.0 XDRIVE40E M SPORT 5d 242 BHP Automatic,"£40,950",2018," 25,000 miles","Seller type: Trade, Fuel type: Other, Engine size: 1,997 cc","Harrow, London",https://www.gumtree.com/p/bmw/2018-bmw-x5-2.0-xdrive40e-m-sport-5d-242-bhp-automatic/1421270391,GCLV
2018 Hyundai Tucson 1.6 GDi SE Nav 5dr 2WD FourByFour petrol Manual,"£15,900",2018," 23,426 miles","Seller type: Trade, Fuel type: Petrol, Engine size: 1,591 cc","Wakefield, West Yorkshire",https://www.gumtree.com/p/hyundai/2018-hyundai-tucson-1.6-gdi-se-nav-5dr-2wd-fourbyfour-petrol-manual/1423922780,GCLV
2018 Honda Civic VTEC SR Hatchback Petrol Manual,"£14,800",2018," 10,352 miles","Seller type: Trade, Fuel type: Petrol, Engine size: 988 cc","Peterborough, Cambridgeshire",https://www.gumtree.com/p/honda/2018-honda-civic-vtec-sr-hatchback-petrol-manual/1422306318,GCLV
2013 Vauxhall Antara 2.2 CDTi Exclusiv 5dr [2WD] [Start Stop] HATCHBACK Diesel M,"£4,150",2013," 99,500 miles","Seller type: Trade, Fuel type: Diesel, Engine size: 2,231 cc","Haslingden, Lancashire",https://www.gumtree.com/p/vauxhall/2013-vauxhall-antara-2.2-cdti-exclusiv-5dr-2wd-start-stop-hatchback-diesel-m/1420893216,BCLV
2016 Volvo XC60 2.4TD AWD D5 220 R-Design Lux Nav 5-Dr Estate Estate Diesel Manu,"£19,626",2016," 65,187 miles","Seller type: Trade, Fuel type: Diesel, Engine size: 2,400 cc",Stirling,https://www.gumtree.com/p/volvo/2016-volvo-xc60-2.4td-awd-d5-220-r-design-lux-nav-5-dr-estate-estate-diesel-manu/1419403232,BCHV
2017 MINI Convertible Cooper Convertible Petrol Manual,"£14,695",2017," 27,134 miles","Seller type: Trade, Fuel type: Petrol, Engine size: 1,500 cc","Leiston, Suffolk",https://www.gumtree.com/p/mini/2017-mini-convertible-cooper-convertible-petrol-manual/1415159090,GCLV
2021 Jaguar NEW XE D200 R-Dynamic SE Diesel MHEV Auto Saloon Diesel Automatic,"£38,900",2021," 7,777 miles","Seller type: Trade, Fuel type: Diesel, Engine size: 1,997 cc","Shirley, West Midlands",https://www.gumtree.com/p/jaguar/2021-jaguar-new-xe-d200-r-dynamic-se-diesel-mhev-auto-saloon-diesel-automatic/1424081861,GCLV
2021 Ford Grand Tourneo Connect 2.5 Manual,"£15,995",2021, 100 miles,"Seller type: Trade, Fuel type: Other, Engine size: 2,488 cc","Trafford, Manchester",https://www.gumtree.com/p/ford/2021-ford-grand-tourneo-connect-2.5-manual/1420935245,GCLV
2007 Vauxhall Astra 1.8 VVT Sport 2dr CONVERTIBLE Petrol Manual,"£1,700",2007," 48,000 miles","Seller type: Trade, Fuel type: Petrol, Engine size: 1,796 cc","Castleford, West Yorkshire",https://www.gumtree.com/p/vauxhall/2007-vauxhall-astra-1.8-vvt-sport-2dr-convertible-petrol-manual/1402569857,GCLV
2017 Volkswagen Polo 1.4 TSI ACT BlueGT 5dr Hatchback Petrol Manual,"£14,700",2017," 13,259 miles","Seller type: Trade, Fuel type: Petrol, Engine size: 1,395 cc","Coatbridge, North Lanarkshire",https://www.gumtree.com/p/volkswagen/2017-volkswagen-polo-1.4-tsi-act-bluegt-5dr-hatchback-petrol-manual/1423923023,GCLV
NISSAN MICRA 1.2 ACENTA AUTOMATIC 2015,"£9,295",2015," 8,440 miles","Seller type: Trade, Fuel type: Petrol, Engine size: 1,198 cc","Taunton, Somerset",https://www.gumtree.com/p/nissan/nissan-micra-1.2-acenta-automatic-2015/1420943779,GCLV
2004 Citroen C3 Pluriel 1.4i 2dr [75] Convertible Mot Jan 2023 Driveaway CONVERT,"£1,895",2004," 54,700 miles","Seller type: Trade, Fuel type: Petrol, Engine size: 1,360 cc","Wollaton, Nottinghamshire",https://www.gumtree.com/p/citroen/2004-citroen-c3-pluriel-1.4i-2dr-75-convertible-mot-jan-2023-driveaway-convert/1423465201,GCLV
2018 Peugeot 3008 1.6 THP GT Line Premium 5dr EAT6 Auto Estate Petrol Automatic,"£25,395",2018," 9,261 miles","Seller type: Trade, Fuel type: Petrol, Engine size: 1,600 cc","Exeter, Devon",https://www.gumtree.com/p/peugeot/2018-peugeot-3008-1.6-thp-gt-line-premium-5dr-eat6-auto-estate-petrol-automatic/1423897558,GCLV
"Jaguar, XF, Saloon, 2017, Other, 2993 (cc), 4 doors","£24,650",2017," 45,330 miles","Fuel type: Diesel, Engine size: 2,993 cc","Cupar, Fife",https://www.gumtree.com/p/jaguar/jaguar-xf-saloon-2017-other-2993-cc-4-doors/1426627749,BCHV
2009 Ford Focus 1.6 TDCi Zetec 5dr [110] [DPF] HATCHBACK Diesel Manual,"£2,495",2009," 97,924 miles","Seller type: Trade, Fuel type: Diesel, Engine size: 1,560 cc","Motherwell, North Lanarkshire",https://www.gumtree.com/p/ford/2009-ford-focus-1.6-tdci-zetec-5dr-110-dpf-hatchback-diesel-manual/1424417996,GCLV
2017 SEAT Ibiza 1.0 SE 5dr HATCHBACK Petrol Manual,"£9,250",2017," 40,730 miles","Seller type: Trade, Fuel type: Petrol, Engine size: 999 cc","Goole, East Yorkshire",https://www.gumtree.com/p/seat/2017-seat-ibiza-1.0-se-5dr-hatchback-petrol-manual/1426166049,GCLV
2012 Volkswagen Tiguan 2.0 TDi BlueMotion Tech S 110 5dr [2WD] ESTATE Diesel Man,"£6,695",2012," 104,000 miles","Seller type: Trade, Fuel type: Diesel, Engine size: 1,968 cc","Cwmbran, Torfaen",https://www.gumtree.com/p/volkswagen/2012-volkswagen-tiguan-2.0-tdi-bluemotion-tech-s-110-5dr-2wd-estate-diesel-man/1420943423,BCLV
2015 MERCEDES A-CLASS A250 4Matic Engineered by AMG 5dr Auto Hatchback petrol Au,"£20,000",2015," 23,536 miles","Seller type: Trade, Fuel type: Petrol, Engine size: 1,991 cc","Warrington, Cheshire",https://www.gumtree.com/p/mercedes-benz/2015-mercedes-a-class-a250-4matic-engineered-by-amg-5dr-auto-hatchback-petrol-au/1423922412,GCLV
2019 Mercedes-Benz A Class 1.3 A200 AMG Line 7G-DCT (s/s) 5dr Hatchback Petrol A,"£24,450",2019," 14,500 miles","Seller type: Trade, Fuel type: Petrol, Engine size: 1,332 cc","Peterborough, Cambridgeshire",https://www.gumtree.com/p/mercedes-benz/2019-mercedes-benz-a-class-1.3-a200-amg-line-7g-dct-s-s-5dr-hatchback-petrol-a/1421646951,GCLV
2007 BMW X5 3.0d SE 5dr Auto TOP SPEC CHEAP NEW SHAPE ESTATE Diesel Automatic,"£5,995",2007," 141,000 miles","Seller type: Trade, Fuel type: Diesel, Engine size: 2,993 cc","Pontypridd, Rhondda Cynon Taf",https://www.gumtree.com/p/bmw/2007-bmw-x5-3.0d-se-5dr-auto-top-spec-cheap-new-shape-estate-diesel-automatic/1411238583,BCLV
2018 Land Rover Range Rover 2.0 P400e 12.4kWh Autobiography SUV 5dr Petrol Plug-,"£77,750",2018," 29,382 miles","Seller type: Trade, Fuel type: Petrol, Engine size: 1,997 cc","Chelmsford, Essex",https://www.gumtree.com/p/land-rover/2018-land-rover-range-rover-2.0-p400e-12.4kwh-autobiography-suv-5dr-petrol-plug-/1422299928,GCHV
2018 BMW 2 Series 220i Luxury 5dr DCT Auto Hatchback petrol Automatic,"£21,950",2018," 6,475 miles","Seller type: Trade, Fuel type: Petrol, Engine size: 1,998 cc","Northampton, Northamptonshire",https://www.gumtree.com/p/bmw/2018-bmw-2-series-220i-luxury-5dr-dct-auto-hatchback-petrol-automatic/1423922940,GCLV
2016 Volkswagen Passat 2.0 TDI BlueMotion Tech SE Business (s/s) 4dr Saloon Dies,"£10,990",2016," 87,232 miles","Seller type: Trade, Fuel type: Diesel, Engine size: 1,968 cc","Tewkesbury, Gloucestershire",https://www.gumtree.com/p/volkswagen/2016-volkswagen-passat-2.0-tdi-bluemotion-tech-se-business-s-s-4dr-saloon-dies/1418662710,BCLV
2012 62 MINI COUPE 1.6 COOPER S 2D 181 BHP,"£6,790",2012," 72,000 miles","Seller type: Trade, Fuel type: Petrol, Engine size: 1,600 cc","Peterborough, Cambridgeshire",https://www.gumtree.com/p/mini/2012-62-mini-coupe-1.6-cooper-s-2d-181-bhp/1420203404,GCLV
2013 Hyundai i40 1.7 CRDi [136] Style 5dr ESTATE Diesel Manual,"£3,995",2013," 145,000 miles","Seller type: Trade, Fuel type: Diesel, Engine size: 1,685 cc","Wells, Somerset",https://www.gumtree.com/p/hyundai/2013-hyundai-i40-1.7-crdi-136-style-5dr-estate-diesel-manual/1418691235,BCLV
2015 Nissan Micra 1.2 Visia 5dr Hatchback Petrol Manual,"£5,595",2015," 44,000 miles","Seller type: Trade, Fuel type: Petrol, Engine size: 1,198 cc","Romiley, Manchester",https://www.gumtree.com/p/nissan/2015-nissan-micra-1.2-visia-5dr-hatchback-petrol-manual/1421277376,GCLV
2018 Citroen C3 Aircross PURETECH FLAIR MPV Petrol Manual,"£11,900",2018," 29,869 miles","Seller type: Trade, Fuel type: Petrol, Engine size: 1,199 cc","Peterborough, Cambridgeshire",https://www.gumtree.com/p/citroen/2018-citroen-c3-aircross-puretech-flair-mpv-petrol-manual/1421424064,GCLV
2013 Lamborghini Aventador 6.5 V12 LP 700-4 ISR 4WD 2dr EU5 Coupe Petrol Automat,"£175,000",2013," 8,500 miles","Seller type: Trade, Fuel type: Petrol, Engine size: 6,498 cc","Fishponds, Bristol",https://www.gumtree.com/p/lamborghini/2013-lamborghini-aventador-6.5-v12-lp-700-4-isr-4wd-2dr-eu5-coupe-petrol-automat/1421820161,GCLV
2015 Vauxhall Corsa 1.2 Design 3dr Hatchback petrol Manual,"£8,000",2015," 33,956 miles","Seller type: Trade, Fuel type: Petrol, Engine size: 1,229 cc","Northampton, Northamptonshire",https://www.gumtree.com/p/vauxhall/2015-vauxhall-corsa-1.2-design-3dr-hatchback-petrol-manual/1423922853,GCLV
1994 Land Rover Discovery 300TDI SUPERCHARGED OFF ROADER CHALLENGE 4X4 CAN RAPTO,"£3,990",1994," 130,000 miles","Seller type: Trade, Fuel type: Diesel, Engine size: 2,495 cc","Bacup, Lancashire",https://www.gumtree.com/p/land-rover/1994-land-rover-discovery-300tdi-supercharged-off-roader-challenge-4x4-can-rapto/1396136642,BCLV
Land Rover Discovery,"£52,000",2018," 28,000 miles","Seller type: Trade, Fuel type: Diesel, Engine size: 2,993 cc","Gloucester, Gloucestershire",https://www.gumtree.com/p/land-rover/land-rover-discovery/1421286968,GCLV
2008 Citroen C-Crosser EXCLUSIVE HDI Estate Diesel Manual,"£4,390",2008," 100,500 miles","Seller type: Trade, Fuel type: Diesel, Engine size: 2,179 cc",Caerphilly,https://www.gumtree.com/p/citroen/2008-citroen-c-crosser-exclusive-hdi-estate-diesel-manual/1418687838,GCHV
2019 Renault Captur 1.3 TCE 130 GT Line 5dr Petrol Manual,"£16,450",2019," 19,578 miles","Seller type: Trade, Fuel type: Petrol, Engine size: 1,333 cc","Brighton, East Sussex",https://www.gumtree.com/p/renault/2019-renault-captur-1.3-tce-130-gt-line-5dr-petrol-manual/1422005938,GCHV
2017 MINI Convertible COOPER S with 4825 Factory Fitted Options Convertible Petr,"£15,600",2017," 13,080 miles","Seller type: Trade, Fuel type: Petrol, Engine size: 1,998 cc","Peterborough, Cambridgeshire",https://www.gumtree.com/p/mini/2017-mini-convertible-cooper-s-with-4825-factory-fitted-options-convertible-petr/1421841877,GCLV
2018 (68) MERCEDES BENZ C43 AMG PPREMIUM PLUS 4MATIC 3.0 V6 9G-TRONIC (390 bhp),"£40,995",2018," 24,000 miles","Seller type: Trade, Fuel type: Petrol, Engine size: 2,996 cc","Elgin, Moray",https://www.gumtree.com/p/mercedes-benz/2018-68-mercedes-benz-c43-amg-ppremium-plus-4matic-3.0-v6-9g-tronic-390-bhp-/1421976325,GCHV
2020 Lexus S3 450h F Sport and Premium Pack Tech & Safety Auto SUV Petrol/Electr,"£48,475",2020," 4,997 miles","Seller type: Trade, Fuel type: Petrol, Engine size: 3,456 cc","Coventry, West Midlands",https://www.gumtree.com/p/lexus/2020-lexus-s3-450h-f-sport-and-premium-pack-tech-safety-auto-suv-petrol-electr/1424081889,GCLV
2021 Audi E-TRON SPORTBACK 300kW 55 Quattro 95kWh S Line 5dr Auto SUV Electric A,"£75,995",2021," 5,617 miles","Seller type: Trade, Fuel type: Electric, Engine size: 1 cc","Coventry, West Midlands",https://www.gumtree.com/p/audi/2021-audi-e-tron-sportback-300kw-55-quattro-95kwh-s-line-5dr-auto-suv-electric-a/1424081962,GCHV
2018 Volvo XC60 2.0 T5 [250] Momentum 5dr AWD Geartronic Auto Estate petrol Auto,"£28,000",2018," 24,311 miles","Seller type: Trade, Fuel type: Petrol, Engine size: 1,969 cc","Nottingham, Nottinghamshire",https://www.gumtree.com/p/volvo/2018-volvo-xc60-2.0-t5-250-momentum-5dr-awd-geartronic-auto-estate-petrol-auto/1423922857,GCLV
2007 MERCEDES M-CLASS Ml 320 Cdi Sport 3 Auto Estate Diesel Automatic,"£4,295",2007," 140,472 miles","Seller type: Trade, Fuel type: Diesel, Engine size: 3,000 cc","Bridgwater, Somerset",https://www.gumtree.com/p/mercedes-benz/2007-mercedes-m-class-ml-320-cdi-sport-3-auto-estate-diesel-automatic/1419824110,BCLV
2021 Mercedes-Benz GLE DIESEL ESTATE GLE 300d 4Matic AMG Line Prem 5dr 9G-Tronic,"£61,995",2021," 5,863 miles","Seller type: Trade, Fuel type: Diesel, Engine size: 1,950 cc","Lincoln, Lincolnshire",https://www.gumtree.com/p/mercedes-benz/2021-mercedes-benz-gle-diesel-estate-gle-300d-4matic-amg-line-prem-5dr-9g-tronic/1424081877,GCLV
2017 MERCEDES A-CLASS A200 AMG Line Premium Plus 5dr Auto Hatchback petrol Autom,"£20,500",2017," 29,417 miles","Seller type: Trade, Fuel type: Petrol, Engine size: 1,595 cc","Rotherham, South Yorkshire",https://www.gumtree.com/p/mercedes-benz/2017-mercedes-a-class-a200-amg-line-premium-plus-5dr-auto-hatchback-petrol-autom/1423922594,GCLV
